# Every address the cartridge was seen to execute, with the banks in force.
# Written by msx2go -sweep: observation, not inference.
4069 0,1,2,3
406C 0,1,2,3
406D 0,1,2,3
4070 0,1,2,3
4071 0,1,2,3
4074 0,1,2,3
4077 0,1,2,3
4078 0,1,2,3
407B 0,1,2,3
407E 0,1,2,3
407F 0,1,2,3
4080 0,1,2,3
4082 0,1,2,3
4085 0,1,2,3
4087 0,1,2,3
408A 0,4,2,3
408B 0,4,2,3
408E 0,4,5,3
408F 0,4,5,3
4092 0,4,5,6
4095 0,4,5,6
4096 0,4,5,6
4099 0,4,5,6
409A 0,4,5,6
409D 0,4,5,6
40A0 0,1,5,6
40A3 0,1,5,6
40A6 0,1,2,6
40A9 0,1,2,6
40AC 0,1,2,3
40AF 0,1,2,3
40B0 0,1,2,3
40B1 0,1,2,3
40B3 0,1,2,3
40B4 0,1,2,3
40B5 0,1,2,3
40B8 0,1,2,3
40BB 0,1,2,3
40BE 0,1,2,3
40BF 0,1,2,3
40C2 0,1,2,3
40C3 0,1,2,3
40C4 0,1,10,11
40C4 0,1,10,15
40C4 0,1,14,15
40C4 0,1,2,11
40C4 0,1,2,12
40C4 0,1,2,3
40C4 0,1,2,9
40C4 0,13,14,15
40C5 0,1,10,11
40C5 0,1,10,15
40C5 0,1,14,15
40C5 0,1,2,11
40C5 0,1,2,12
40C5 0,1,2,3
40C5 0,1,2,9
40C5 0,13,14,15
40C6 0,1,10,11
40C6 0,1,10,15
40C6 0,1,14,15
40C6 0,1,2,11
40C6 0,1,2,12
40C6 0,1,2,3
40C6 0,1,2,9
40C6 0,13,14,15
40C7 0,1,10,15
40C7 0,1,14,15
40C7 0,1,2,12
40C8 0,1,10,15
40C8 0,1,14,15
40C8 0,1,2,12
40C9 0,1,10,15
40C9 0,1,10,9
40C9 0,1,14,15
40C9 0,1,2,11
40C9 0,1,2,12
40C9 0,1,2,3
40C9 0,7,8,9
40CA 0,1,10,15
40CA 0,1,10,9
40CA 0,1,14,15
40CA 0,1,2,11
40CA 0,1,2,12
40CA 0,1,2,3
40CA 0,7,8,9
40CB 0,1,10,15
40CB 0,1,10,9
40CB 0,1,14,15
40CB 0,1,2,11
40CB 0,1,2,12
40CB 0,1,2,3
40CB 0,7,8,9
40CC 0,1,10,15
40CC 0,1,2,3
40CD 0,1,10,15
40CD 0,1,2,3
40CE 0,1,10,15
40CE 0,1,2,11
40CE 0,1,2,12
40CE 0,1,2,3
40CF 0,1,10,15
40CF 0,1,2,11
40CF 0,1,2,12
40CF 0,1,2,3
40D0 0,1,10,15
40D0 0,1,2,11
40D0 0,1,2,12
40D0 0,1,2,3
40D1 0,1,10,15
40D1 0,1,2,11
40D1 0,1,2,12
40D1 0,1,2,3
40D2 0,1,10,15
40D2 0,1,2,11
40D2 0,1,2,12
40D2 0,1,2,3
40D4 0,1,10,15
40D4 0,1,2,11
40D4 0,1,2,3
40D5 0,1,10,15
40D5 0,1,2,11
40D5 0,1,2,12
40D5 0,1,2,3
40D6 0,1,10,15
40D6 0,1,2,11
40D6 0,1,2,12
40D6 0,1,2,3
40D7 0,1,10,15
40D7 0,1,2,11
40D7 0,1,2,12
40D7 0,1,2,3
40D8 0,1,10,15
40D8 0,1,2,11
40D8 0,1,2,12
40D8 0,1,2,3
40D9 0,1,10,15
40D9 0,1,2,11
40D9 0,1,2,12
40D9 0,1,2,3
40DA 0,1,2,3
40DB 0,1,2,3
40DD 0,1,2,3
40DF 0,1,2,3
40E2 0,1,2,3
40E5 0,1,2,3
40E8 0,1,2,3
40EB 0,1,2,3
40EE 0,1,2,3
40F1 0,1,2,3
40F2 0,1,2,3
40F5 0,1,2,3
40F8 0,1,2,3
40F9 0,1,2,3
40FA 0,1,2,3
40FB 0,1,2,3
40FE 0,1,2,3
40FF 0,1,2,3
4100 0,1,2,3
4101 0,1,2,3
4104 0,1,2,3
4105 0,1,2,3
4106 0,1,2,3
4107 0,1,2,3
4108 0,1,2,3
410B 0,1,2,3
410E 0,1,2,3
4111 0,1,2,3
4114 0,1,2,3
4115 0,1,2,3
4116 0,1,2,3
4118 0,1,2,3
4119 0,1,2,3
411C 0,1,2,3
411F 0,1,2,3
4122 0,1,2,3
4125 0,1,2,3
4126 0,1,2,3
4129 0,1,2,3
412C 0,1,2,3
412D 0,1,2,3
412F 0,1,2,3
4132 0,1,2,3
4133 0,1,2,3
4134 0,1,2,3
4136 0,1,2,3
4137 0,1,2,3
4139 0,1,2,3
413C 0,1,2,3
413D 0,1,2,3
413E 0,1,2,3
4140 0,1,2,3
4141 0,1,2,3
4142 0,1,2,3
4143 0,1,2,3
4144 0,1,2,3
4145 0,1,2,3
4146 0,1,2,3
4147 0,1,2,3
4149 0,1,2,3
414A 0,1,2,3
414C 0,1,2,3
414F 0,1,2,3
4152 0,1,2,3
4153 0,1,2,3
4154 0,1,2,3
4156 0,1,2,3
4157 0,1,2,3
4159 0,1,2,3
415C 0,1,2,3
415D 0,1,2,3
415E 0,1,2,3
415F 0,1,2,3
4160 0,1,2,3
4161 0,1,2,3
4162 0,1,2,3
4163 0,1,2,3
4164 0,1,2,3
4166 0,1,2,3
4167 0,1,2,3
416A 0,1,2,3
416E 0,1,10,15
416E 0,1,14,15
416E 0,1,14,3
416E 0,1,2,12
416E 0,1,2,9
416E 0,13,14,15
416E 0,7,8,9
416F 0,1,10,15
416F 0,1,14,15
416F 0,1,14,3
416F 0,1,2,12
416F 0,1,2,9
416F 0,13,14,15
416F 0,7,8,9
4171 0,1,10,15
4171 0,1,14,15
4171 0,1,14,3
4171 0,1,2,12
4171 0,1,2,9
4171 0,13,14,15
4171 0,7,8,9
4178 0,1,2,11
4178 0,1,2,3
4178 0,7,8,9
4179 0,1,2,11
4179 0,1,2,3
4179 0,7,8,9
417B 0,1,2,11
417B 0,1,2,3
417B 0,7,8,9
417D 0,1,2,3
417E 0,1,2,3
4180 0,1,10,15
4180 0,1,14,15
4180 0,1,14,3
4180 0,1,2,11
4180 0,1,2,12
4180 0,1,2,3
4180 0,1,2,9
4180 0,13,14,15
4180 0,7,8,9
4181 0,1,10,15
4181 0,1,14,15
4181 0,1,14,3
4181 0,1,2,11
4181 0,1,2,12
4181 0,1,2,3
4181 0,1,2,9
4181 0,13,14,15
4181 0,7,8,9
4182 0,1,10,15
4182 0,1,14,15
4182 0,1,14,3
4182 0,1,2,11
4182 0,1,2,12
4182 0,1,2,3
4182 0,1,2,9
4182 0,13,14,15
4182 0,7,8,9
4185 0,1,10,15
4185 0,1,14,15
4185 0,1,14,3
4185 0,1,2,11
4185 0,1,2,12
4185 0,1,2,3
4185 0,1,2,9
4185 0,13,14,15
4185 0,7,8,9
4188 0,1,10,15
4188 0,1,14,15
4188 0,1,14,3
4188 0,1,2,12
4188 0,1,2,9
4188 0,1,8,9
4188 0,13,2,3
4188 0,7,2,11
4188 0,7,2,3
4188 0,7,8,9
4189 0,1,10,15
4189 0,1,14,15
4189 0,1,14,3
4189 0,1,2,12
4189 0,1,2,9
4189 0,1,8,9
4189 0,13,2,3
4189 0,7,2,11
4189 0,7,2,3
4189 0,7,8,9
418A 0,1,10,15
418A 0,1,14,15
418A 0,1,14,3
418A 0,1,2,12
418A 0,1,2,9
418A 0,1,8,9
418A 0,13,2,3
418A 0,7,2,11
418A 0,7,2,3
418A 0,7,8,9
418B 0,1,10,15
418B 0,1,14,15
418B 0,1,14,3
418B 0,1,2,12
418B 0,1,2,9
418B 0,1,8,9
418B 0,13,2,3
418B 0,7,2,11
418B 0,7,2,3
418B 0,7,8,9
418E 0,1,2,12
418E 0,1,2,15
418E 0,1,2,3
418E 0,1,2,9
418E 0,13,14,3
418E 0,7,8,11
418E 0,7,8,3
418E 0,7,8,9
418F 0,1,2,12
418F 0,1,2,15
418F 0,1,2,3
418F 0,1,2,9
418F 0,13,14,3
418F 0,7,8,11
418F 0,7,8,3
418F 0,7,8,9
4190 0,1,2,12
4190 0,1,2,15
4190 0,1,2,3
4190 0,1,2,9
4190 0,13,14,3
4190 0,7,8,11
4190 0,7,8,3
4190 0,7,8,9
4191 0,1,2,12
4191 0,1,2,15
4191 0,1,2,3
4191 0,1,2,9
4191 0,13,14,3
4191 0,7,8,11
4191 0,7,8,3
4191 0,7,8,9
4194 0,1,2,3
4194 0,13,14,15
4194 0,7,8,9
4195 0,1,2,3
4195 0,13,14,15
4195 0,7,8,9
4196 0,1,2,3
4196 0,13,14,15
4196 0,7,8,9
4197 0,1,2,3
4197 0,13,14,15
4197 0,7,8,9
4198 0,1,2,3
4198 0,13,14,15
4198 0,7,8,9
4199 0,1,10,11
4199 0,1,10,15
4199 0,1,10,9
4199 0,1,2,3
419A 0,1,10,11
419A 0,1,10,15
419A 0,1,10,9
419A 0,1,2,3
419C 0,1,10,11
419C 0,1,10,15
419C 0,1,10,9
419C 0,1,2,3
419F 0,1,10,11
419F 0,1,10,15
419F 0,1,10,3
419F 0,1,10,9
41A2 0,1,10,11
41A2 0,1,10,15
41A2 0,1,10,3
41A2 0,1,10,9
41A4 0,1,10,11
41A4 0,1,10,15
41A4 0,1,10,3
41A4 0,1,10,9
41A7 0,1,10,15
41AA 0,1,10,15
41AB 0,1,10,15
41AC 0,1,2,3
41AE 0,1,2,3
41B2 0,1,2,3
41B3 0,1,2,3
41B6 0,1,14,3
41B9 0,1,14,3
41BA 0,1,14,3
41BF 0,1,10,15
41BF 0,1,2,12
41BF 0,1,2,3
41C1 0,1,10,15
41C1 0,1,2,12
41C1 0,1,2,3
41C3 0,1,10,11
41C5 0,1,10,11
41C7 0,1,10,15
41C7 0,1,2,12
41C7 0,1,2,3
41C9 0,1,10,15
41C9 0,1,2,12
41C9 0,1,2,3
41CB 0,1,2,11
41CB 0,1,2,3
41CD 0,1,10,11
41CD 0,1,10,15
41CD 0,1,2,11
41CD 0,1,2,12
41CD 0,1,2,3
41CE 0,1,10,11
41CE 0,1,10,15
41CE 0,1,2,11
41CE 0,1,2,12
41CE 0,1,2,3
41D0 0,1,14,15
41D0 0,1,2,11
41D0 0,1,2,12
41D0 0,1,2,3
41D0 0,1,2,9
41D2 0,1,14,15
41D2 0,1,2,11
41D2 0,1,2,12
41D2 0,1,2,3
41D2 0,1,2,9
41D8 0,1,2,3
41DA 0,1,14,15
41DA 0,1,2,11
41DA 0,1,2,12
41DA 0,1,2,3
41DA 0,1,2,9
41DB 0,1,14,15
41DB 0,1,2,11
41DB 0,1,2,12
41DB 0,1,2,3
41DB 0,1,2,9
41DE 0,1,14,3
41DE 0,1,2,11
41DE 0,1,2,12
41DE 0,1,2,15
41DE 0,1,2,3
41DE 0,1,2,9
41E1 0,1,14,3
41E1 0,1,2,11
41E1 0,1,2,12
41E1 0,1,2,15
41E1 0,1,2,3
41E1 0,1,2,9
41E2 0,1,10,11
41E2 0,1,10,15
41E2 0,1,14,3
41E2 0,1,2,11
41E2 0,1,2,12
41E2 0,1,2,15
41E2 0,1,2,3
41E2 0,1,2,9
41E5 0,1,10,11
41E5 0,1,10,15
41E5 0,1,10,9
41E5 0,1,14,15
41E5 0,1,2,11
41E5 0,1,2,12
41E5 0,1,2,3
41E5 0,1,2,9
41E8 0,1,10,11
41E8 0,1,10,15
41E8 0,1,10,9
41E8 0,1,14,15
41E8 0,1,2,11
41E8 0,1,2,12
41E8 0,1,2,3
41E8 0,1,2,9
41E9 0,1,10,11
41E9 0,1,10,15
41E9 0,1,10,9
41E9 0,1,14,15
41E9 0,1,2,11
41E9 0,1,2,12
41E9 0,1,2,3
41E9 0,1,2,9
4200 0,1,2,3
4203 0,1,2,3
4204 0,1,2,3
4207 0,1,2,3
420A 0,1,2,3
420D 0,1,2,3
4210 0,1,2,3
4213 0,1,14,15
4216 0,1,14,15
4219 0,1,2,3
421C 0,1,2,3
421F 0,1,2,3
4222 0,1,2,3
4223 0,1,2,3
4224 0,1,2,3
4227 0,1,2,3
422A 0,1,2,12
422D 0,1,2,12
4230 0,1,2,3
4233 0,1,2,3
4234 0,1,2,3
4235 0,1,2,3
4238 0,13,14,15
423B 0,13,14,15
423E 0,1,2,3
4241 0,1,2,3
4244 0,1,2,3
4247 0,1,2,3
4248 0,1,2,3
4249 0,1,2,3
424C 0,1,2,3
424F 0,1,2,3
4252 0,1,2,3
4255 0,1,2,3
4258 0,1,2,3
425B 0,1,2,3
425C 0,1,2,3
425E 0,1,2,3
4261 0,1,2,3
4264 0,1,2,3
4267 0,1,2,3
426A 0,1,2,3
426D 0,1,2,3
4270 0,1,2,11
4273 0,1,2,11
4276 0,1,2,11
4279 0,1,2,3
427C 0,1,2,3
427F 0,1,2,3
4282 0,1,2,3
4285 0,1,2,3
4288 0,1,2,12
428B 0,1,2,12
428E 0,1,2,3
4291 0,1,2,3
4294 0,1,2,3
4297 0,1,2,3
429A 0,1,2,3
429B 0,1,2,3
429D 0,1,2,3
42A0 0,1,2,3
42A3 0,1,2,3
42A6 0,1,2,3
42A9 0,1,2,3
42AC 0,1,2,3
42AF 0,1,2,3
42B2 0,1,2,3
42B5 0,1,2,3
42B8 0,1,2,3
42BB 0,1,2,3
42BE 0,1,2,3
42C1 0,1,2,3
42C4 0,1,2,3
42C7 0,1,2,3
42CA 0,1,2,3
42CD 0,1,2,12
42D0 0,1,2,12
42D3 0,1,2,3
42D6 0,1,2,11
42D9 0,1,2,11
42DC 0,1,2,3
42DF 0,1,2,3
42E2 0,1,2,3
42E5 0,1,2,3
42E8 0,1,2,3
42E9 0,1,2,3
42EC 0,1,2,3
42EF 0,1,2,12
42F2 0,1,2,12
42F5 0,1,2,12
42F8 0,1,2,3
42FB 0,1,2,3
42FE 0,1,2,3
4301 0,1,2,12
4304 0,1,2,12
4307 0,1,2,11
430A 0,1,2,11
430D 0,1,2,3
4310 0,1,2,3
4313 0,1,2,3
4316 0,1,2,3
4319 0,1,2,11
431C 0,1,2,11
431F 0,1,2,11
4322 0,1,2,11
4325 0,1,2,11
4328 0,1,2,3
432B 0,1,2,12
432E 0,1,2,12
4331 0,1,2,3
4334 0,1,2,3
4337 0,1,2,3
433A 0,1,2,3
433D 0,1,2,11
4340 0,1,2,11
4343 0,1,2,12
4346 0,1,2,12
4349 0,1,2,3
434C 0,1,2,3
434F 0,1,2,3
4352 0,1,2,3
4355 0,1,2,3
4358 0,1,2,11
435B 0,1,2,11
435E 0,1,2,3
4361 0,1,2,3
4364 0,1,2,3
4366 0,1,2,3
4367 0,1,2,3
436A 0,1,2,3
436B 0,1,2,3
436E 0,1,2,11
4371 0,1,2,11
4374 0,7,8,9
4377 0,7,8,9
437A 0,7,8,9
437D 0,7,8,9
437E 0,7,8,9
437F 0,7,8,9
4382 0,7,8,9
4385 0,7,8,9
4386 0,7,8,9
4389 0,7,8,9
438C 0,7,8,9
438F 0,7,8,9
4392 0,7,8,9
4395 0,7,8,9
4398 0,7,8,9
439B 0,7,8,9
439E 0,7,8,9
43A1 0,7,8,9
43A4 0,7,8,9
43A5 0,7,8,9
43A7 0,7,8,9
43AA 0,7,8,9
43AB 0,7,8,9
43AC 0,7,8,9
43AD 0,7,8,9
43B0 0,7,8,9
43B1 0,7,8,9
43B4 0,7,8,9
43B7 0,7,8,9
43B9 0,7,8,9
43BB 0,7,8,9
43BE 0,7,8,9
43BF 0,7,8,9
43C0 0,7,8,9
43C3 0,7,8,9
43C6 0,7,8,9
43C8 0,7,8,9
43C9 0,7,8,9
43CA 0,7,8,9
43CB 0,7,8,9
43CE 0,7,8,9
43CF 0,7,8,9
43D2 0,7,8,9
43D5 0,7,8,9
43D7 0,7,8,9
43D8 0,7,8,9
43D9 0,7,8,9
43DA 0,7,8,9
43DB 0,7,8,9
43DE 0,7,8,9
43E1 0,7,8,9
43E4 0,7,8,9
43E7 0,7,8,9
43EA 0,7,8,9
43ED 0,7,8,9
43F0 0,7,8,9
43F3 0,7,8,9
43F6 0,7,8,9
43F9 0,7,8,9
43FC 0,7,8,9
43FF 0,7,8,9
4400 0,7,8,9
4403 0,7,8,9
4406 0,7,8,9
4407 0,7,8,9
440A 0,7,8,9
440D 0,7,8,9
440E 0,7,8,9
4410 0,7,8,9
4411 0,7,8,9
4414 0,7,8,9
4417 0,7,8,9
4419 0,7,8,9
441C 0,7,8,9
441F 0,7,8,9
4422 0,7,8,9
4424 0,7,8,9
4425 0,7,8,9
4426 0,7,8,9
4427 0,7,8,9
4428 0,7,8,9
442A 0,7,8,9
442B 0,7,8,9
442E 0,7,8,9
442F 0,7,8,9
4430 0,7,8,9
4433 0,7,8,9
4435 0,7,8,9
4436 0,7,8,9
4437 0,7,8,9
4438 0,7,8,9
443B 0,7,8,9
443C 0,7,8,9
443D 0,7,8,9
4440 0,7,8,9
4442 0,7,8,9
4443 0,7,8,9
4444 0,7,8,9
4445 0,7,8,9
4448 0,7,8,9
4449 0,7,8,9
444C 0,7,8,9
444F 0,7,8,9
4452 0,7,8,9
4455 0,7,8,9
4458 0,7,8,9
445B 0,7,8,9
445E 0,7,8,9
4461 0,7,8,9
4464 0,7,8,9
4467 0,7,8,9
446C 0,7,8,9
446F 0,7,8,9
4472 0,7,8,9
4475 0,7,8,9
4478 0,7,8,9
447D 0,7,8,9
4480 0,7,8,9
4483 0,7,8,9
4486 0,7,8,9
4489 0,7,8,9
448E 0,7,8,9
4491 0,7,8,9
4494 0,7,8,9
4497 0,7,8,9
449A 0,7,8,9
449D 0,7,8,9
449E 0,7,8,9
449F 0,7,8,9
44A0 0,7,8,9
44A1 0,7,8,9
44A2 0,7,8,9
44A3 0,7,8,9
44A4 0,7,8,9
44A5 0,7,8,9
44A6 0,7,8,9
44A7 0,7,8,9
44A8 0,7,8,9
44AA 0,7,8,9
44AB 0,7,8,9
44AC 0,7,8,9
44AD 0,7,8,9
44B0 0,7,8,9
44B1 0,7,8,9
44B4 0,7,8,9
44B5 0,7,8,9
44B7 0,7,8,9
44BB 0,7,8,9
44BE 0,7,8,9
44C1 0,7,8,9
44C5 0,7,8,9
44CB 0,7,8,9
44CE 0,7,8,9
44D1 0,7,8,9
44D3 0,7,8,9
44D6 0,7,8,9
44D9 0,7,8,9
44DC 0,7,8,9
44DF 0,7,8,9
44E0 0,7,8,9
44E3 0,7,8,9
44E6 0,7,8,9
44E9 0,7,8,9
44EC 0,7,8,9
44ED 0,7,8,9
44F0 0,7,8,9
44F3 0,1,10,9
44F3 0,7,8,9
44F6 0,1,10,9
44F6 0,7,8,9
44F7 0,1,10,9
44F7 0,7,8,9
44F9 0,1,10,9
44F9 0,7,8,9
44FC 0,1,10,9
44FC 0,7,8,9
44FD 0,1,10,9
44FD 0,7,8,9
44FE 0,1,10,9
44FE 0,7,8,9
4501 0,1,10,9
4501 0,7,8,9
4502 0,1,10,9
4502 0,7,8,9
4503 0,1,10,9
4503 0,7,8,9
4505 0,1,10,9
4505 0,7,8,9
4507 0,1,10,9
4507 0,7,8,9
450A 0,1,10,9
450A 0,7,8,9
450B 0,1,10,9
450B 0,7,8,9
450E 0,1,10,9
450E 0,7,8,9
4511 0,1,10,9
4511 0,7,8,9
4514 0,1,10,9
4514 0,7,8,9
4516 0,1,10,9
4516 0,7,8,9
4526 0,1,10,9
4526 0,7,8,9
4528 0,1,10,9
4528 0,7,8,9
4529 0,1,10,9
4529 0,7,8,9
452A 0,1,10,9
452A 0,7,8,9
452B 0,1,10,9
452B 0,7,8,9
452E 0,1,10,9
452E 0,7,8,9
4531 0,1,10,9
4531 0,7,8,9
4534 0,1,10,9
4534 0,7,8,9
4535 0,1,10,9
4535 0,7,8,9
4536 0,1,10,9
4536 0,7,8,9
4539 0,1,10,9
4539 0,7,8,9
453A 0,1,10,9
453A 0,7,8,9
453D 0,1,10,9
453D 0,7,8,9
4540 0,7,8,9
4543 0,7,8,9
4544 0,7,8,9
4546 0,7,8,9
4549 0,7,8,9
454A 0,7,8,9
454B 0,7,8,9
454C 0,7,8,9
454F 0,7,8,9
4552 0,7,8,9
4556 0,7,8,9
4559 0,7,8,9
455C 0,7,8,9
4560 0,7,8,9
4563 0,7,8,9
4566 0,7,8,9
4569 0,7,8,9
456B 0,7,8,9
456D 0,1,10,9
456D 0,7,8,9
4570 0,1,10,9
4570 0,7,8,9
4572 0,1,10,9
4572 0,7,8,9
4573 0,1,10,9
4573 0,7,8,9
4574 0,1,10,9
4574 0,7,8,9
4575 0,1,10,9
4575 0,7,8,9
4576 0,1,10,9
4576 0,7,8,9
4577 0,1,10,9
4577 0,7,8,9
457A 0,1,10,9
457A 0,7,8,9
457B 0,1,10,9
457B 0,7,8,9
457E 0,1,10,9
457E 0,7,8,9
4581 0,1,10,9
4581 0,7,8,9
4583 0,1,10,9
4583 0,7,8,9
4586 0,1,10,9
4586 0,7,8,9
4588 0,1,10,9
4588 0,7,8,9
4589 0,1,10,9
4589 0,7,8,9
458C 0,1,10,9
458C 0,7,8,9
458D 0,1,10,9
458D 0,7,8,9
4590 0,1,10,9
4590 0,7,8,9
4593 0,1,10,9
4593 0,7,8,9
4595 0,1,10,9
4595 0,7,8,9
4598 0,1,10,9
4598 0,7,8,9
459A 0,1,10,9
459A 0,7,8,9
459B 0,1,10,9
459B 0,7,8,9
459E 0,1,10,9
459E 0,7,8,9
45A1 0,1,10,9
45A1 0,7,8,9
45A4 0,1,10,9
45A4 0,7,8,9
45A5 0,1,10,9
45A5 0,7,8,9
45A7 0,1,10,9
45AA 0,1,10,9
45AD 0,1,10,9
45AD 0,7,8,9
45B0 0,1,10,9
45B0 0,7,8,9
45B3 0,1,10,9
45B3 0,7,8,9
45B6 0,1,10,9
45B6 0,7,8,9
45B9 0,1,10,9
45B9 0,7,8,9
45BA 0,1,10,9
45BA 0,7,8,9
45BC 0,1,10,9
45BF 0,1,10,9
45C2 0,1,10,9
45C2 0,7,8,9
45C3 0,1,10,9
45C3 0,7,8,9
45C6 0,1,10,9
45C6 0,7,8,9
45C7 0,1,10,9
45C7 0,7,8,9
45C8 0,1,10,9
45C8 0,7,8,9
45CA 0,1,10,9
45CA 0,7,8,9
45CB 0,1,10,9
45CB 0,7,8,9
45CC 0,1,10,9
45CC 0,7,8,9
45CD 0,1,10,9
45CD 0,7,8,9
45CE 0,1,10,9
45CE 0,7,8,9
45CF 0,1,10,9
45CF 0,7,8,9
45D0 0,1,10,9
45D0 0,7,8,9
45D1 0,1,10,9
45D1 0,7,8,9
45D3 0,1,10,9
45D3 0,7,8,9
45D4 0,1,10,9
45D4 0,7,8,9
45D5 0,1,10,9
45D5 0,7,8,9
45D6 0,1,10,9
45D6 0,7,8,9
45D7 0,1,10,9
45D7 0,7,8,9
45D9 0,1,10,9
45D9 0,7,8,9
45DC 0,1,10,9
45DC 0,7,8,9
45DD 0,1,10,9
45DD 0,7,8,9
45DF 0,1,10,9
45DF 0,7,8,9
45E0 0,1,10,9
45E0 0,7,8,9
45E3 0,1,10,9
45E3 0,7,8,9
45E6 0,1,10,9
45E6 0,7,8,9
45E7 0,1,10,9
45E7 0,7,8,9
45E9 0,1,10,9
45EC 0,1,10,9
45EC 0,7,8,9
45F0 0,1,10,9
45F0 0,7,8,9
45F2 0,1,10,9
45F2 0,7,8,9
45F4 0,1,10,9
45F4 0,7,8,9
45F5 0,1,10,9
45F5 0,7,8,9
45F7 0,1,10,9
45F7 0,7,8,9
45F8 0,1,10,9
45F8 0,7,8,9
45F9 0,1,10,9
45F9 0,7,8,9
45FA 0,1,10,9
45FA 0,7,8,9
45FB 0,1,10,9
45FB 0,7,8,9
45FC 0,1,10,9
45FC 0,7,8,9
45FE 0,1,10,9
45FE 0,7,8,9
45FF 0,1,10,9
45FF 0,7,8,9
4602 0,1,10,9
4602 0,7,8,9
4603 0,1,10,9
4603 0,7,8,9
4605 0,7,8,9
4609 0,7,8,9
460C 0,7,8,9
460F 0,7,8,9
4613 0,7,8,9
4616 0,7,8,9
4619 0,7,8,9
461D 0,7,8,9
4620 0,7,8,9
4621 0,7,8,9
4623 0,1,10,9
4624 0,1,10,9
4626 0,1,10,9
4629 0,1,10,9
462C 0,1,10,9
462D 0,1,10,9
462E 0,1,10,9
4630 0,1,10,9
4633 0,1,10,9
4636 0,1,10,9
4637 0,1,10,9
4639 0,1,10,9
463C 0,1,10,9
463D 0,1,10,9
463D 0,7,8,9
463F 0,1,10,9
463F 0,7,8,9
4642 0,1,10,9
4642 0,7,8,9
4644 0,1,10,9
4644 0,7,8,9
4645 0,1,10,9
4645 0,7,8,9
4646 0,1,10,9
4646 0,7,8,9
4647 0,1,10,9
4647 0,7,8,9
4648 0,1,10,9
4648 0,7,8,9
4649 0,1,10,9
4649 0,7,8,9
464C 0,1,10,9
464C 0,7,8,9
464D 0,1,10,9
464D 0,7,8,9
4650 0,1,10,9
4650 0,7,8,9
4653 0,1,10,9
4653 0,7,8,9
4654 0,1,10,9
4654 0,7,8,9
4656 0,1,10,9
4659 0,1,10,9
4659 0,7,8,9
465D 0,1,10,9
465D 0,7,8,9
4660 0,1,10,9
4660 0,7,8,9
4661 0,1,10,9
4661 0,7,8,9
4664 0,1,10,9
4664 0,7,8,9
4665 0,1,10,9
4665 0,7,8,9
4668 0,1,10,9
4668 0,7,8,9
466B 0,1,10,9
466B 0,7,8,9
466C 0,1,10,9
466C 0,7,8,9
466E 0,1,10,9
4671 0,1,10,9
4671 0,7,8,9
4675 0,1,10,9
4675 0,7,8,9
4678 0,1,10,9
4678 0,7,8,9
467A 0,1,10,9
467A 0,7,8,9
467B 0,1,10,9
467B 0,7,8,9
467F 0,1,10,9
467F 0,7,8,9
4682 0,1,10,9
4682 0,7,8,9
4684 0,1,10,9
4684 0,7,8,9
4685 0,1,10,9
4685 0,7,8,9
4686 0,1,10,9
4686 0,7,8,9
4687 0,1,10,9
4687 0,7,8,9
468A 0,1,10,9
468A 0,7,8,9
468B 0,1,10,9
468B 0,7,8,9
468D 0,7,8,9
468E 0,7,8,9
4691 0,7,8,9
4695 0,7,8,9
46A1 0,7,8,9
46A2 0,7,8,9
46A5 0,7,8,9
46A7 0,7,8,9
46AA 0,7,8,9
46AC 0,7,8,9
46AD 0,7,8,9
46B0 0,7,8,9
46B4 0,7,8,9
46C2 0,1,10,9
46C3 0,1,10,9
46C6 0,1,10,9
46C8 0,1,10,9
46CA 0,1,10,9
46CC 0,1,10,9
46CE 0,1,10,9
46D0 0,1,10,9
46D2 0,1,10,9
46D3 0,1,10,9
46D4 0,1,10,9
46D7 0,1,10,9
46D9 0,1,10,9
46DC 0,1,10,9
46DE 0,1,10,9
46DF 0,1,10,9
46E0 0,1,10,9
46E3 0,1,10,9
46E5 0,1,10,9
46E7 0,1,10,9
46E9 0,1,10,9
46EB 0,1,10,9
46ED 0,1,10,9
46EF 0,1,10,9
46EF 0,7,8,9
46F0 0,1,10,9
46F0 0,7,8,9
46F3 0,1,10,9
46F3 0,7,8,9
46F6 0,1,10,9
46F6 0,7,8,9
46F7 0,1,10,9
46F7 0,7,8,9
46F9 0,1,10,9
46FC 0,1,10,9
46FC 0,7,8,9
4700 0,1,10,9
4700 0,7,8,9
4702 0,1,10,9
4702 0,7,8,9
4705 0,1,10,9
4705 0,7,8,9
4707 0,1,10,9
4707 0,7,8,9
4708 0,1,10,9
470B 0,1,10,9
470C 0,1,10,9
470E 0,1,10,9
470F 0,1,10,9
4711 0,1,10,9
4712 0,1,10,9
4715 0,1,10,9
4717 0,1,10,9
471A 0,1,10,9
471C 0,1,10,9
471F 0,1,10,9
4721 0,1,10,9
4724 0,1,10,9
4727 0,1,10,9
4729 0,1,10,9
472C 0,1,10,9
472F 0,1,10,9
4730 0,1,10,9
4731 0,1,10,9
4732 0,1,10,9
4735 0,1,10,9
4738 0,1,10,9
4739 0,1,10,9
473C 0,1,10,9
473F 0,1,10,9
4742 0,1,10,9
4743 0,1,10,9
4745 0,1,10,9
4747 0,1,10,9
4748 0,1,10,9
4749 0,1,10,9
474A 0,1,10,9
474C 0,1,10,9
474D 0,1,10,9
474E 0,1,10,9
4750 0,1,10,9
4753 0,1,10,9
4755 0,1,10,9
4758 0,1,10,9
475B 0,1,10,9
475E 0,1,10,9
475F 0,1,10,9
4762 0,1,10,9
4763 0,1,10,9
4767 0,1,10,9
476A 0,1,10,9
476B 0,1,10,9
4794 0,1,10,9
4797 0,1,10,9
4798 0,1,10,9
4799 0,1,10,9
479B 0,1,10,9
479E 0,1,10,9
47A1 0,1,10,9
47A4 0,1,10,9
47A7 0,1,10,9
47AA 0,1,10,9
47AC 0,1,10,9
47AE 0,1,10,9
47B1 0,1,10,9
47B3 0,1,10,9
47B4 0,1,10,9
47B5 0,1,10,9
47B6 0,1,10,9
47B7 0,1,10,9
47BA 0,1,10,9
47BB 0,1,10,9
47BD 0,1,10,9
47C0 0,1,10,9
47C1 0,1,10,9
47C4 0,1,10,9
47C7 0,1,10,9
47C9 0,1,10,9
47CC 0,1,10,9
47CE 0,1,10,9
47CF 0,1,10,9
47D2 0,1,10,9
47D3 0,1,10,9
47D6 0,1,10,9
47D9 0,1,10,9
47DB 0,1,10,9
47DE 0,1,10,9
47E0 0,1,10,9
47E1 0,1,10,9
47E2 0,1,10,9
47E5 0,1,10,9
47E9 0,1,10,9
47EC 0,1,10,9
47EF 0,1,10,9
47F0 0,1,10,9
47F4 0,1,10,9
47F7 0,1,10,9
47FA 0,1,10,9
47FB 0,1,10,9
47FC 0,1,10,9
47FD 0,1,10,9
47FE 0,1,10,9
47FF 0,1,10,9
4801 0,1,10,9
4802 0,1,10,9
4804 0,1,10,9
4805 0,1,10,9
4806 0,1,10,9
4807 0,1,10,9
4808 0,1,10,9
4809 0,1,10,9
480B 0,1,10,9
480C 0,1,10,9
480F 0,1,10,9
4810 0,1,10,9
4812 0,1,10,9
4814 0,1,10,9
4816 0,1,10,9
4818 0,1,10,9
481A 0,1,10,9
481C 0,1,10,9
481D 0,1,10,9
481E 0,1,10,9
481F 0,1,10,9
4820 0,1,10,9
4822 0,1,10,9
4823 0,1,10,9
4824 0,1,10,9
4827 0,1,10,9
4828 0,1,10,9
482A 0,1,10,9
482C 0,1,10,9
482E 0,1,10,9
4830 0,1,10,9
4831 0,1,10,9
4833 0,1,10,9
4835 0,7,8,9
4838 0,7,8,9
4839 0,7,8,9
483B 0,7,8,9
483C 0,7,8,9
483E 0,7,8,9
483F 0,7,8,9
4842 0,7,8,9
4856 0,7,8,9
4859 0,7,8,9
485C 0,7,8,9
485F 0,7,8,9
4862 0,7,8,9
4865 0,7,8,9
4882 0,1,2,12
4885 0,1,2,9
4886 0,1,2,9
4888 0,1,2,9
4889 0,1,2,9
488A 0,1,2,9
488D 0,1,2,9
488E 0,1,2,9
488F 0,1,2,9
4890 0,1,2,9
4891 0,1,2,9
4892 0,1,2,9
4895 0,1,2,9
4898 0,1,2,9
4899 0,1,2,9
489A 0,1,2,9
489B 0,1,2,9
489C 0,1,2,9
489D 0,1,2,9
48A0 0,1,2,9
48A3 0,1,2,9
48A6 0,1,2,3
48A9 0,1,2,3
48AA 0,1,2,3
48AD 0,1,2,3
48AE 0,1,2,3
48B1 0,1,2,3
48B4 0,1,2,3
48B7 0,1,2,3
48B9 0,1,2,3
48BC 0,1,2,3
48BF 0,1,2,3
48C2 0,1,2,3
48C4 0,1,2,3
48C5 0,1,2,3
48C8 0,13,14,15
48CB 0,13,14,15
48CE 0,1,2,3
48D1 0,1,2,3
48D4 0,1,2,3
48D5 0,1,2,3
48D8 0,1,2,3
48DB 0,1,2,3
48DC 0,1,2,3
48DE 0,1,2,3
48DF 0,1,2,3
48E2 0,1,2,3
48E3 0,1,2,3
48E6 0,1,2,3
48E7 0,1,2,3
48E9 0,1,2,3
48EC 0,1,2,3
48ED 0,1,2,3
48F0 0,1,2,3
494A 0,13,14,15
494C 0,13,14,15
494F 0,13,14,15
4950 0,13,14,15
4953 0,13,14,15
4954 0,13,14,15
4955 0,13,14,15
4956 0,13,14,15
4958 0,13,14,15
4959 0,13,14,15
495A 0,13,14,15
495D 0,13,14,15
4960 0,13,14,15
4963 0,13,14,15
4966 0,13,14,15
4967 0,13,14,15
4968 0,13,14,15
496B 0,13,14,15
496C 0,13,14,15
496F 0,13,14,15
4973 0,13,14,15
4976 0,13,14,15
4977 0,13,14,15
4979 0,13,14,15
497C 0,13,14,15
497D 0,13,14,15
497E 0,13,14,15
4980 0,13,14,15
4981 0,13,14,15
4984 0,13,14,15
4985 0,13,14,15
4986 0,13,14,15
4989 0,13,14,15
498C 0,13,14,15
498D 0,13,14,15
4990 0,13,14,15
4992 0,13,14,15
4995 0,13,14,15
4998 0,13,14,15
499B 0,13,14,15
499E 0,13,14,15
49A1 0,13,14,15
49A5 0,13,14,15
49A6 0,13,14,15
49A7 0,13,14,15
49AA 0,13,14,15
49AE 0,13,14,15
49AF 0,13,14,15
49B1 0,13,14,15
49B4 0,13,14,15
49B5 0,13,14,15
49B8 0,13,14,15
49BB 0,13,14,15
49BE 0,13,14,15
49BF 0,13,14,15
49C0 0,13,14,15
49C2 0,13,14,15
49C3 0,13,14,15
49C5 0,13,14,15
49C6 0,13,14,15
49C7 0,13,14,15
49C8 0,13,14,15
49C9 0,13,14,15
49CA 0,13,14,15
49CB 0,13,14,15
49CE 0,13,14,15
49D1 0,13,14,15
49D3 0,13,14,15
49D4 0,13,14,15
49D5 0,13,14,15
49D8 0,13,14,15
49D9 0,13,14,15
49DA 0,13,14,15
49DD 0,13,14,15
49E0 0,13,14,15
49E3 0,13,14,15
49E5 0,13,14,15
49E6 0,13,14,15
49E7 0,13,14,15
49E9 0,13,14,15
49EA 0,13,14,15
49EB 0,13,14,15
49EE 0,13,14,15
49EF 0,13,14,15
49F0 0,13,14,15
49F1 0,13,14,15
49F2 0,13,14,15
49F3 0,13,14,15
49F4 0,13,14,15
49F5 0,13,14,15
49F6 0,13,14,15
49F7 0,13,14,15
49F8 0,13,14,15
49F9 0,13,14,15
49FA 0,13,14,15
49FB 0,13,14,15
49FC 0,13,14,15
49FD 0,13,14,15
49FE 0,13,14,15
49FF 0,13,14,15
4A00 0,13,14,15
4A01 0,13,14,15
4A02 0,13,14,15
4A03 0,13,14,15
4A04 0,13,14,15
4A05 0,13,14,15
4A06 0,13,14,15
4A07 0,13,14,15
4A08 0,13,14,15
4A0B 0,13,14,15
4A0C 0,13,14,15
4A0F 0,13,14,15
4A10 0,13,14,15
4A11 0,13,14,15
4A12 0,13,14,15
4A14 0,13,14,15
4A15 0,13,14,15
4A18 0,13,14,15
4A1A 0,13,14,15
4A1D 0,13,14,15
4A1E 0,13,14,15
4A1F 0,13,14,15
4A20 0,13,14,15
4A21 0,13,14,15
4A22 0,13,14,15
4A24 0,13,14,15
4A25 0,13,14,15
4A27 0,13,14,15
4A29 0,13,14,15
4A2B 0,13,14,15
4A2E 0,13,14,15
4A30 0,13,14,15
4A31 0,13,14,15
4A34 0,13,14,15
4A37 0,13,14,15
4A3A 0,13,14,15
4A3B 0,13,14,15
4A3C 0,13,14,15
4A3E 0,13,14,15
4A3F 0,13,14,15
4A40 0,13,14,15
4A41 0,13,14,15
4A42 0,13,14,15
4A43 0,13,14,15
4A44 0,13,14,15
4A8C 0,13,14,15
4A8D 0,13,14,15
4A8F 0,13,14,15
4A90 0,13,14,15
4A91 0,13,14,15
4A92 0,13,14,15
4A95 0,13,14,15
4A99 0,13,14,15
4A9B 0,13,14,15
4A9C 0,13,14,15
4A9D 0,13,14,15
4AA0 0,13,14,15
4AA1 0,13,14,15
4AA2 0,13,14,15
4AA5 0,13,14,15
4AA8 0,13,14,15
4AAB 0,13,14,15
4AAD 0,13,14,15
4AAF 0,13,14,15
4AB1 0,13,14,15
4AB2 0,13,14,15
4AB3 0,13,14,15
4AB4 0,13,14,15
4AB5 0,13,14,15
4AB8 0,13,14,15
4AB9 0,13,14,15
4ABA 0,13,14,15
4ABC 0,13,14,15
4ABE 0,13,14,15
4AC0 0,13,14,15
4AC2 0,13,14,15
4AC3 0,13,14,15
4AC4 0,13,14,15
4AC7 0,13,14,15
4AC8 0,13,14,15
4ACA 0,13,14,15
4ACD 0,13,14,15
4ACF 0,13,14,15
4AD2 0,13,14,15
4AD5 0,13,14,15
4AD8 0,13,14,15
4ADA 0,13,14,15
4ADD 0,13,14,15
4AE0 0,13,14,15
4AE1 0,13,14,15
4AE2 0,13,14,15
4AE3 0,13,14,15
4AE5 0,13,14,15
4AE8 0,13,14,15
4AEB 0,13,14,15
4AEC 0,13,14,15
4AED 0,13,14,15
4AEF 0,13,14,15
4AF0 0,13,14,15
4AF2 0,13,14,15
4AF4 0,13,14,15
4AF5 0,13,14,15
4AF6 0,13,14,15
4AF8 0,13,14,15
4B1A 0,1,2,3
4B1D 0,1,2,3
4B1E 0,1,2,3
4B1F 0,1,2,3
4B22 0,1,2,3
4B23 0,1,2,3
4B24 0,1,2,3
4B27 0,1,2,3
4B28 0,1,2,3
4B2A 0,1,2,3
4B2D 0,1,2,3
4B2F 0,1,2,3
4B32 0,1,2,3
4B33 0,1,2,3
4B35 0,1,2,3
4B36 0,1,2,3
4B37 0,1,2,3
4B38 0,1,2,3
4B39 0,1,2,3
4B3C 0,1,2,3
4B3F 0,1,2,3
4B40 0,1,2,3
4B43 0,1,2,3
4B46 0,1,2,3
4B47 0,1,2,3
4B79 0,1,2,3
4B7C 0,1,2,3
4B7F 0,1,2,3
4B80 0,1,2,3
4B83 0,1,2,3
4B84 0,1,2,3
4BE6 0,13,14,15
4BE9 0,13,14,15
4BED 0,13,14,15
4BEE 0,13,14,15
4BF1 0,13,14,15
4BF4 0,13,14,15
4BF5 0,13,14,15
4BF8 0,13,14,15
4BF9 0,13,14,15
4C55 0,13,14,15
4C56 0,13,14,15
4C59 0,13,14,15
4C5B 0,13,14,15
4C5E 0,13,14,15
4C61 0,13,14,15
4C64 0,13,14,15
4C66 0,13,14,15
4C67 0,13,14,15
4C68 0,13,14,15
4C6B 0,13,14,15
4C6D 0,13,14,15
4C70 0,13,14,15
4C71 0,13,14,15
4C72 0,13,14,15
4C73 0,13,14,15
4C75 0,13,14,15
4C78 0,13,14,15
4C7B 0,13,14,15
4C7E 0,13,14,15
4C7F 0,13,14,15
4C82 0,13,14,15
4C85 0,13,14,15
4C88 0,13,14,15
4C89 0,13,14,15
4C8C 0,13,14,15
4C8D 0,13,14,15
4C90 0,13,14,15
4C93 0,13,14,15
4C94 0,13,14,15
4C99 0,13,14,15
4CA4 0,1,10,15
4CA4 0,1,2,3
4CA7 0,1,10,15
4CA7 0,1,2,3
4CAA 0,1,10,15
4CAA 0,1,2,3
4CAD 0,1,10,15
4CAD 0,1,2,3
4CAE 0,1,10,15
4CAE 0,1,2,3
4CB1 0,1,10,11
4CB1 0,1,10,15
4CB1 0,1,10,9
4CB1 0,1,14,15
4CB1 0,1,2,11
4CB1 0,1,2,12
4CB1 0,1,2,3
4CB1 0,1,2,9
4CB1 0,7,8,9
4CB2 0,1,10,11
4CB2 0,1,10,15
4CB2 0,1,10,9
4CB2 0,1,14,15
4CB2 0,1,2,11
4CB2 0,1,2,12
4CB2 0,1,2,3
4CB2 0,1,2,9
4CB2 0,7,8,9
4CB5 0,1,10,11
4CB5 0,1,10,15
4CB5 0,1,10,9
4CB5 0,1,14,15
4CB5 0,1,2,11
4CB5 0,1,2,12
4CB5 0,1,2,3
4CB5 0,1,2,9
4CB5 0,7,8,9
4CB6 0,1,10,11
4CB6 0,1,10,15
4CB6 0,1,10,9
4CB6 0,1,14,15
4CB6 0,1,2,11
4CB6 0,1,2,12
4CB6 0,1,2,3
4CB6 0,1,2,9
4CB6 0,7,8,9
4CB9 0,1,10,11
4CB9 0,1,10,15
4CB9 0,1,10,9
4CB9 0,1,14,15
4CB9 0,1,2,11
4CB9 0,1,2,12
4CB9 0,1,2,3
4CB9 0,1,2,9
4CB9 0,7,8,9
4CBA 0,1,10,11
4CBA 0,1,10,15
4CBA 0,1,10,9
4CBA 0,1,14,15
4CBA 0,1,2,11
4CBA 0,1,2,12
4CBA 0,1,2,3
4CBA 0,1,2,9
4CBA 0,7,8,9
4CBB 0,1,10,11
4CBB 0,1,10,15
4CBB 0,1,10,9
4CBB 0,1,14,15
4CBB 0,1,2,11
4CBB 0,1,2,12
4CBB 0,1,2,3
4CBB 0,1,2,9
4CBB 0,7,8,9
4CBC 0,1,10,11
4CBC 0,1,10,15
4CBC 0,1,10,9
4CBC 0,1,14,15
4CBC 0,1,2,11
4CBC 0,1,2,12
4CBC 0,1,2,3
4CBC 0,1,2,9
4CBC 0,7,8,9
4CBD 0,1,10,11
4CBD 0,1,10,15
4CBD 0,1,10,9
4CBD 0,1,2,11
4CBD 0,7,8,9
4CBE 0,1,10,11
4CBE 0,1,10,15
4CBE 0,1,10,9
4CBE 0,1,2,11
4CBE 0,7,8,9
4CC1 0,1,10,11
4CC1 0,1,2,11
4CC2 0,1,10,11
4CC2 0,1,2,11
4CC4 0,1,10,11
4CC4 0,1,10,15
4CC4 0,1,2,11
4CC5 0,1,10,11
4CC5 0,1,10,15
4CC5 0,1,2,11
4CC6 0,1,10,11
4CC6 0,1,10,15
4CC6 0,1,2,11
4CC7 0,1,10,11
4CC7 0,1,10,15
4CC7 0,1,2,11
4CCA 0,1,10,11
4CCA 0,1,10,15
4CCA 0,1,2,11
4CCD 0,1,10,11
4CCD 0,1,10,15
4CCD 0,1,2,11
4CCE 0,1,10,11
4CCE 0,1,10,15
4CCE 0,1,2,11
4CCF 0,1,10,11
4CCF 0,1,10,15
4CCF 0,1,2,11
4CD0 0,1,10,11
4CD0 0,1,10,15
4CD0 0,1,2,11
4CD1 0,1,10,11
4CD1 0,1,10,15
4CD1 0,1,2,11
4CD3 0,1,10,11
4CD3 0,1,10,15
4CD3 0,1,2,11
4CD4 0,1,10,11
4CD4 0,1,2,11
4CD6 0,1,10,11
4CD6 0,1,10,15
4CD6 0,1,2,11
4CD7 0,1,10,11
4CD7 0,1,10,15
4CD7 0,1,2,11
4CD8 0,1,10,11
4CD8 0,1,10,15
4CD8 0,1,2,11
4CDB 0,1,10,11
4CDB 0,1,10,15
4CDB 0,1,2,11
4CDE 0,1,10,11
4CDE 0,1,10,15
4CDE 0,1,2,11
4CDF 0,1,10,11
4CDF 0,1,10,15
4CDF 0,1,2,11
4CE0 0,1,10,11
4CE0 0,1,10,15
4CE0 0,1,2,11
4CE1 0,1,10,11
4CE1 0,1,10,15
4CE1 0,1,2,11
4CE2 0,1,10,11
4CE2 0,1,10,15
4CE2 0,1,2,11
4CE4 0,1,10,11
4CE4 0,1,10,15
4CE4 0,1,2,11
4CE5 0,1,10,15
4CE5 0,1,2,9
4CE5 0,7,8,9
4CE7 0,1,10,15
4CE7 0,1,2,9
4CE7 0,7,8,9
4CE8 0,1,10,15
4CE8 0,1,2,9
4CE8 0,7,8,9
4CE9 0,1,10,15
4CE9 0,1,2,9
4CE9 0,7,8,9
4CEC 0,1,10,15
4CEC 0,1,2,9
4CEC 0,7,8,9
4CEF 0,1,10,15
4CEF 0,1,2,9
4CEF 0,7,8,9
4CF0 0,1,10,15
4CF0 0,1,2,9
4CF0 0,7,8,9
4CF1 0,1,10,15
4CF1 0,1,2,9
4CF1 0,7,8,9
4CF2 0,1,10,15
4CF2 0,1,2,9
4CF2 0,7,8,9
4CF4 0,1,10,15
4CF4 0,1,2,9
4CF4 0,7,8,9
4CF5 0,1,10,15
4CF5 0,1,2,3
4CF7 0,1,10,15
4CF7 0,1,2,3
4CF8 0,1,10,15
4CF8 0,1,2,3
4CF9 0,1,10,15
4CF9 0,1,2,3
4CFA 0,1,10,15
4CFA 0,1,2,3
4CFB 0,1,10,15
4CFB 0,1,2,3
4CFC 0,1,10,15
4CFC 0,1,2,3
4CFD 0,1,10,15
4CFD 0,1,2,3
4CFE 0,1,10,15
4CFE 0,1,2,3
4CFF 0,1,10,15
4CFF 0,1,2,3
4D00 0,1,10,15
4D00 0,1,2,3
4D01 0,1,10,15
4D01 0,1,2,3
4D02 0,1,10,15
4D02 0,1,2,3
4D03 0,1,10,15
4D03 0,1,2,3
4D05 0,1,10,15
4D05 0,1,2,3
4D06 0,1,10,15
4D06 0,1,2,3
4D09 0,1,10,15
4D09 0,1,2,3
4D0A 0,1,10,15
4D0A 0,1,2,3
4D0C 0,1,2,3
4D0E 0,1,2,3
4D10 0,1,2,12
4D11 0,1,2,12
4D12 0,1,2,12
4D13 0,1,2,12
4D14 0,1,2,12
4D15 0,1,2,12
4D16 0,1,10,15
4D16 0,1,10,9
4D16 0,1,2,12
4D16 0,1,2,9
4D16 0,7,8,9
4D19 0,1,10,15
4D19 0,1,10,9
4D19 0,1,2,12
4D19 0,1,2,9
4D19 0,7,8,9
4D1A 0,1,10,15
4D1A 0,1,10,9
4D1A 0,1,2,12
4D1A 0,1,2,9
4D1A 0,7,8,9
4D1B 0,1,10,15
4D1B 0,1,10,9
4D1B 0,1,2,12
4D1B 0,1,2,9
4D1B 0,7,8,9
4D1C 0,1,10,15
4D1C 0,1,10,9
4D1C 0,1,2,12
4D1C 0,1,2,9
4D1C 0,7,8,9
4D1D 0,1,10,15
4D1D 0,1,10,9
4D1D 0,1,2,12
4D1D 0,1,2,9
4D1D 0,7,8,9
4D1E 0,1,10,15
4D1E 0,1,10,9
4D1E 0,1,2,12
4D1E 0,1,2,9
4D1E 0,7,8,9
4D20 0,1,10,15
4D20 0,1,10,9
4D20 0,1,2,12
4D20 0,1,2,9
4D20 0,7,8,9
4D21 0,1,10,15
4D21 0,1,10,9
4D21 0,1,2,12
4D21 0,1,2,9
4D21 0,7,8,9
4D23 0,1,10,15
4D23 0,1,10,9
4D23 0,1,2,12
4D23 0,1,2,9
4D23 0,7,8,9
4D24 0,1,10,15
4D24 0,1,10,9
4D24 0,1,2,12
4D24 0,1,2,9
4D24 0,7,8,9
4D26 0,1,10,15
4D26 0,1,10,9
4D26 0,1,2,12
4D26 0,1,2,9
4D26 0,7,8,9
4D27 0,1,10,15
4D27 0,1,10,9
4D27 0,1,2,12
4D27 0,1,2,9
4D27 0,7,8,9
4D28 0,1,10,15
4D28 0,1,10,9
4D28 0,1,2,12
4D28 0,1,2,9
4D28 0,7,8,9
4D29 0,1,10,15
4D29 0,1,10,9
4D29 0,1,2,12
4D29 0,1,2,9
4D29 0,7,8,9
4D2A 0,1,10,15
4D2A 0,1,10,9
4D2A 0,1,2,12
4D2A 0,1,2,9
4D2A 0,7,8,9
4D2C 0,1,10,15
4D2C 0,1,10,9
4D2C 0,1,2,12
4D2C 0,1,2,9
4D2C 0,7,8,9
4D2D 0,1,10,15
4D2D 0,1,10,9
4D2D 0,1,2,12
4D2D 0,1,2,9
4D2D 0,7,8,9
4D2F 0,1,10,15
4D2F 0,1,10,9
4D2F 0,1,2,12
4D2F 0,1,2,9
4D2F 0,7,8,9
4D31 0,1,10,15
4D31 0,1,10,9
4D31 0,1,2,12
4D31 0,1,2,9
4D31 0,7,8,9
4D32 0,1,10,15
4D32 0,1,10,9
4D32 0,1,2,12
4D32 0,1,2,9
4D32 0,7,8,9
4D33 0,1,10,15
4D33 0,1,10,9
4D33 0,1,2,12
4D33 0,1,2,9
4D33 0,7,8,9
4D34 0,1,10,15
4D34 0,1,10,9
4D34 0,1,2,12
4D34 0,1,2,9
4D34 0,7,8,9
4D36 0,1,10,15
4D36 0,1,10,9
4D36 0,1,2,12
4D36 0,1,2,9
4D36 0,7,8,9
4D37 0,1,10,15
4D37 0,1,10,9
4D37 0,1,2,12
4D37 0,1,2,9
4D37 0,7,8,9
4D39 0,1,10,15
4D39 0,1,10,9
4D39 0,1,2,12
4D39 0,1,2,9
4D39 0,7,8,9
4D3B 0,7,8,9
4D3E 0,7,8,9
4D40 0,7,8,9
4D43 0,7,8,9
4D44 0,7,8,9
4D46 0,7,8,9
4D47 0,7,8,9
4D48 0,7,8,9
4D4A 0,7,8,9
4D4D 0,7,8,9
4D50 0,7,8,9
4D51 0,7,8,9
4D54 0,7,8,9
4D55 0,7,8,9
4D56 0,7,8,9
4D57 0,7,8,9
4D59 0,7,8,9
4D5A 0,7,8,9
4D5C 0,7,8,9
4D5D 0,7,8,9
4D5F 0,7,8,9
4D61 0,7,8,9
4D62 0,7,8,9
4D63 0,7,8,9
4D64 0,7,8,9
4D65 0,7,8,9
4D67 0,7,8,9
4D69 0,7,8,9
4D6A 0,7,8,9
4D6C 0,7,8,9
4D6D 0,7,8,9
4D6E 0,1,10,15
4D6E 0,1,2,3
4D6F 0,1,10,15
4D6F 0,1,2,3
4D70 0,1,10,15
4D70 0,1,2,3
4D71 0,1,10,15
4D71 0,1,2,3
4D72 0,1,10,15
4D72 0,1,2,3
4D74 0,1,10,15
4D74 0,1,2,3
4D75 0,1,10,15
4D75 0,1,2,3
4D77 0,1,10,15
4D77 0,1,2,3
4D7A 0,4,10,15
4D7A 0,4,2,3
4D7B 0,4,10,15
4D7B 0,4,2,3
4D7E 0,4,5,15
4D7E 0,4,5,3
4D7F 0,4,5,15
4D7F 0,4,5,3
4D82 0,4,5,6
4D83 0,4,5,6
4D84 0,4,5,6
4D87 0,4,5,6
4D8A 0,4,5,6
4D8D 0,1,5,6
4D90 0,1,5,6
4D93 0,1,10,6
4D93 0,1,2,6
4D96 0,1,10,6
4D96 0,1,2,6
4D99 0,1,10,15
4D99 0,1,2,3
4D9A 0,1,10,15
4D9A 0,1,2,3
4D9C 0,1,10,15
4D9C 0,1,2,3
4D9D 0,1,10,15
4D9D 0,1,2,3
4D9E 0,1,10,15
4D9E 0,1,2,3
4D9F 0,1,10,15
4D9F 0,1,2,3
4DA0 0,1,10,15
4DA0 0,1,2,3
4DA1 0,1,10,15
4DA4 0,1,10,15
4DA5 0,1,10,15
4DB1 0,1,10,9
4DB4 0,1,10,9
4DB7 0,1,10,9
4DB8 0,1,10,9
4DBA 0,1,10,9
4DBD 0,1,10,9
4DBE 0,1,10,9
4DBF 0,1,10,9
4DC0 0,1,10,9
4DC3 0,1,10,9
4DC5 0,1,10,9
4DC7 0,1,10,9
4E21 0,1,14,15
4E21 0,1,2,12
4E22 0,1,14,15
4E22 0,1,2,12
4E24 0,1,14,15
4E24 0,1,2,12
4E25 0,1,14,15
4E25 0,1,2,12
4E26 0,1,14,15
4E26 0,1,2,12
4E28 0,1,10,15
4E28 0,1,10,9
4E28 0,1,14,15
4E28 0,1,2,12
4E28 0,1,2,3
4E28 0,13,14,15
4E28 0,7,8,9
4E29 0,1,10,15
4E29 0,1,10,9
4E29 0,1,14,15
4E29 0,1,2,12
4E29 0,1,2,3
4E29 0,13,14,15
4E29 0,7,8,9
4E2A 0,1,10,15
4E2A 0,1,10,9
4E2A 0,1,14,15
4E2A 0,1,2,12
4E2A 0,1,2,3
4E2A 0,13,14,15
4E2A 0,7,8,9
4E2C 0,1,10,15
4E2C 0,1,10,9
4E2C 0,1,14,15
4E2C 0,1,2,12
4E2C 0,1,2,3
4E2C 0,13,14,15
4E2C 0,7,8,9
4E2D 0,1,10,15
4E2D 0,1,10,9
4E2D 0,1,14,15
4E2D 0,1,2,12
4E2D 0,1,2,3
4E2D 0,13,14,15
4E2D 0,7,8,9
4E2E 0,1,10,15
4E2E 0,1,10,9
4E2E 0,1,14,15
4E2E 0,1,2,12
4E2E 0,1,2,3
4E2E 0,13,14,15
4E2E 0,7,8,9
4E2F 0,1,10,15
4E2F 0,1,10,9
4E2F 0,1,14,15
4E2F 0,1,2,12
4E2F 0,1,2,3
4E2F 0,13,14,15
4E2F 0,7,8,9
4E30 0,1,10,15
4E30 0,1,10,9
4E30 0,1,14,15
4E30 0,1,2,12
4E30 0,1,2,3
4E30 0,13,14,15
4E30 0,7,8,9
4E31 0,1,10,15
4E32 0,1,10,15
4E35 0,1,10,15
4E36 0,1,10,15
4E37 0,1,10,15
4E38 0,1,10,15
4E39 0,1,10,15
4E66 0,1,14,15
4E66 0,1,2,12
4E67 0,1,14,15
4E67 0,1,2,12
4E6A 0,1,14,15
4E6A 0,1,2,12
4E6D 0,1,14,15
4E6D 0,1,2,12
4E6E 0,1,14,15
4E6E 0,1,2,12
4E6F 0,1,14,15
4E6F 0,1,2,12
4E70 0,1,14,15
4E70 0,1,2,12
4E71 0,1,14,15
4E71 0,1,2,12
4E74 0,1,14,15
4E74 0,1,2,12
4E75 0,1,14,15
4E75 0,1,2,12
4E76 0,1,14,15
4E76 0,1,2,12
4E77 0,1,14,15
4E77 0,1,2,12
4E78 0,1,14,15
4E78 0,1,2,12
4E79 0,1,14,15
4E79 0,1,2,12
4E7A 0,1,14,15
4E7A 0,1,2,12
4E7D 0,1,14,15
4E7D 0,1,2,12
4E7E 0,1,14,15
4E7E 0,1,2,12
4E7F 0,1,2,3
4E82 0,1,2,3
4E84 0,1,2,3
4E86 0,1,2,3
4E88 0,1,2,3
4E89 0,1,2,3
4E8C 0,1,2,3
4E8D 0,1,2,3
4EAA 0,1,2,3
4EAE 0,1,2,3
4EAF 0,1,10,15
4EAF 0,1,2,3
4EB2 0,1,10,15
4EB2 0,1,2,3
4EB5 0,1,10,15
4EB5 0,1,2,3
4EB7 0,1,10,15
4EB7 0,1,2,3
4EBA 0,1,10,15
4EBA 0,1,2,3
4EBC 0,1,10,15
4EBC 0,1,2,3
4F1E 0,1,2,12
4F1E 0,1,2,3
4F1F 0,1,2,12
4F1F 0,1,2,3
4F22 0,1,2,12
4F22 0,1,2,3
4F25 0,1,2,12
4F25 0,1,2,3
4F28 0,1,2,12
4F28 0,1,2,3
4F29 0,1,2,12
4F29 0,1,2,3
4F2A 0,1,2,12
4F2A 0,1,2,3
4F2C 0,1,2,12
4F2C 0,1,2,3
4F2D 0,1,2,12
4F2D 0,1,2,3
4F2E 0,1,2,12
4F2E 0,1,2,3
4F2F 0,1,2,12
4F2F 0,1,2,3
4F32 0,1,2,12
4F32 0,1,2,3
4F35 0,1,2,12
4F35 0,1,2,3
4F38 0,1,2,12
4F38 0,1,2,3
4F39 0,1,2,12
4F39 0,1,2,3
4F3B 0,1,2,12
4F3B 0,1,2,3
4F3C 0,1,2,12
4F3C 0,1,2,3
4F7D 0,1,2,3
4F80 0,1,2,3
4F82 0,1,2,3
4F85 0,1,2,3
4F88 0,1,2,3
4F89 0,1,2,3
4F8A 0,1,2,3
4F8B 0,1,2,3
4F8E 0,1,2,3
4F90 0,1,2,3
4F93 0,1,2,3
4F96 0,1,2,3
4F9B 0,1,2,11
4F9B 0,1,2,3
4F9F 0,1,2,11
4F9F 0,1,2,3
50B2 0,1,2,3
50B5 0,1,2,3
50B8 0,1,2,3
50BB 0,1,2,3
50BE 0,1,2,3
50C1 0,1,2,11
50C4 0,1,2,11
50C7 0,1,2,12
50CA 0,1,2,12
50CD 0,1,2,12
50D0 0,1,2,3
50D2 0,1,2,3
50D5 0,1,2,3
50D6 0,1,2,3
50D7 0,1,2,3
50D8 0,1,2,3
50D9 0,1,2,3
50DC 0,1,2,3
50DE 0,1,2,3
50E1 0,1,2,3
50E3 0,1,2,3
50E5 0,1,2,3
50E8 0,4,2,3
50E9 0,4,2,3
50EC 0,4,5,3
50ED 0,4,5,3
50F0 0,4,5,6
50F3 0,4,5,6
50F6 0,4,5,6
50F9 0,1,5,6
50FC 0,1,5,6
50FF 0,1,2,6
5102 0,1,2,6
5105 0,1,2,3
5107 0,1,2,3
510A 0,1,2,3
510B 0,1,2,3
510D 0,1,2,3
5110 0,1,2,3
5112 0,1,2,3
5115 0,1,2,3
5118 0,1,2,3
511B 0,1,2,3
511C 0,1,2,3
511F 0,1,2,3
5122 0,1,2,3
5124 0,1,2,3
5126 0,1,2,3
5127 0,1,2,3
512A 0,1,2,3
512B 0,1,2,3
512C 0,1,2,3
512D 0,1,2,3
512F 0,1,2,3
5138 0,1,10,15
513A 0,1,10,15
513D 0,1,2,3
5141 0,1,2,3
5144 0,1,2,3
5148 0,1,2,3
514A 0,1,2,3
514B 0,1,2,3
514E 0,1,2,3
514F 0,1,2,3
5153 0,1,2,3
5155 0,1,2,3
5156 0,1,2,3
5159 0,1,2,3
515A 0,1,2,3
515C 0,1,2,3
515D 0,1,2,3
515F 0,1,2,3
5162 0,1,2,3
5164 0,1,2,3
5167 0,1,2,3
5168 0,1,2,3
516A 0,1,2,3
516B 0,1,2,3
516D 0,1,2,3
5170 0,1,2,3
5171 0,1,2,3
5172 0,1,2,3
5173 0,1,2,3
5174 0,1,2,3
5175 0,1,2,3
5177 0,1,2,3
5178 0,1,2,3
517A 0,1,2,3
517D 0,1,2,3
517E 0,1,2,3
517F 0,1,2,3
5181 0,1,2,3
5182 0,1,2,3
5183 0,1,2,3
5184 0,1,2,3
5186 0,1,2,3
5187 0,1,2,3
5188 0,1,2,3
5189 0,1,2,3
518A 0,1,2,3
518B 0,1,2,3
518D 0,1,2,3
518E 0,1,2,3
518F 0,1,2,3
5191 0,1,2,3
5194 0,1,2,3
5195 0,1,2,3
5196 0,1,2,3
5197 0,1,2,3
5198 0,1,2,3
519A 0,1,2,3
519B 0,1,2,3
519C 0,1,2,3
519D 0,1,2,3
519E 0,1,2,3
51A0 0,1,2,3
51A3 0,1,2,3
51A4 0,1,2,3
51A5 0,1,2,3
51A6 0,1,2,3
51A7 0,1,2,3
51AA 0,1,2,3
51AC 0,1,2,3
51AE 0,1,2,3
51B0 0,1,2,3
51B2 0,1,2,3
51B5 0,1,2,3
51B8 0,1,2,3
51B9 0,1,2,3
51BA 0,1,2,3
51BB 0,1,2,3
51BC 0,1,2,3
51BD 0,1,2,3
51BE 0,1,2,3
51BF 0,1,2,3
51C1 0,1,2,3
51C4 0,1,2,3
51C6 0,1,2,3
51C7 0,1,2,3
51C9 0,1,2,3
51CC 0,1,2,3
51CD 0,1,2,3
51CF 0,1,2,3
51D0 0,1,2,3
51D4 0,1,2,3
51D6 0,1,2,3
51D9 0,1,2,3
51DA 0,1,2,3
51DB 0,1,2,3
51DC 0,1,2,3
51DD 0,1,2,3
51DF 0,1,2,3
51E0 0,1,2,3
51E1 0,1,2,3
51E2 0,1,2,3
51E3 0,1,2,3
51E4 0,1,2,3
51E5 0,1,2,3
51E7 0,1,2,3
51E8 0,1,2,3
51E9 0,1,2,3
51EA 0,1,2,3
51EB 0,1,2,3
51ED 0,1,2,3
51EE 0,1,2,3
51EF 0,1,2,3
51F0 0,1,2,3
51F1 0,1,2,3
51F3 0,1,2,3
51F6 0,1,2,3
51F8 0,1,2,3
51F9 0,1,2,3
51FC 0,1,2,3
51FD 0,1,2,3
51FE 0,1,2,3
51FF 0,1,2,3
5201 0,1,2,3
5204 0,1,2,3
5206 0,1,2,3
5208 0,1,2,3
520B 0,1,2,3
520D 0,1,2,3
520E 0,1,2,3
5211 0,1,2,3
5213 0,1,2,3
524C 0,1,2,3
524F 0,1,2,3
5250 0,1,2,3
5253 0,1,2,3
5257 0,1,2,3
5258 0,1,2,3
525A 0,1,2,3
525C 0,1,2,3
525D 0,1,2,3
527A 0,1,2,3
527C 0,1,2,3
527F 0,1,2,3
5280 0,1,2,3
5281 0,1,2,3
5284 0,1,2,12
5287 0,1,2,12
5288 0,1,2,12
528B 0,1,2,3
528C 0,1,2,3
528D 0,1,2,3
528E 0,1,2,3
5291 0,1,2,3
5293 0,1,2,3
5296 0,1,2,3
5297 0,1,2,3
5298 0,1,2,3
5299 0,1,2,3
529C 0,1,2,3
529F 0,1,2,3
52A2 0,1,2,3
52A5 0,1,2,11
52A8 0,1,2,11
52AB 0,1,2,12
52AE 0,1,2,12
52B1 0,1,2,3
52B4 0,1,2,3
52B6 0,1,2,3
52B9 0,1,10,15
52BC 0,1,10,15
52BF 0,1,10,15
52C2 0,1,2,3
52C5 0,1,2,3
52C6 0,1,2,3
52C9 0,1,2,3
52CC 0,1,2,3
52CF 0,1,2,3
52D2 0,1,10,15
52D5 0,1,10,15
52D8 0,1,10,15
52DB 0,1,10,15
52DE 0,1,10,15
52E1 0,1,10,15
52E4 0,1,2,3
52E5 0,1,2,3
52E8 0,1,2,3
52EB 0,1,2,3
52ED 0,1,2,3
52F0 0,1,10,15
52F3 0,1,10,15
52F6 0,1,10,15
52F9 0,1,2,3
52FC 0,1,2,3
52FD 0,1,2,3
52FE 0,1,2,3
5300 0,1,2,3
5302 0,1,2,3
5305 0,1,2,3
5308 0,1,2,3
530B 0,1,2,3
530E 0,1,2,3
5310 0,1,2,3
5312 0,1,2,3
5315 0,1,2,3
5318 0,1,2,3
5319 0,1,2,3
531A 0,1,2,3
531C 0,1,2,3
531F 0,1,2,3
5320 0,1,2,3
5323 0,1,2,3
5325 0,1,2,3
5328 0,1,2,3
532B 0,1,2,3
532E 0,1,2,3
5331 0,1,2,3
5333 0,1,2,3
5336 0,1,2,3
5338 0,1,2,3
533B 0,1,2,3
533E 0,1,2,3
533F 0,1,2,3
5340 0,1,2,3
5342 0,1,2,3
5345 0,1,2,3
5346 0,1,2,3
5348 0,1,2,3
534B 0,1,2,3
534C 0,1,2,3
534F 0,1,2,3
5351 0,1,2,3
5354 0,1,2,3
5355 0,1,2,3
5357 0,1,2,3
535A 0,1,2,3
535C 0,1,2,3
535F 0,1,2,3
5362 0,1,2,3
5364 0,1,2,3
5367 0,1,2,3
5369 0,1,2,3
536C 0,1,2,3
536E 0,1,2,3
5370 0,1,2,3
5373 0,1,10,15
5376 0,1,10,15
5379 0,1,2,3
537C 0,1,2,3
537D 0,1,2,3
537E 0,1,2,3
5380 0,1,2,3
5382 0,1,2,3
5385 0,1,2,3
5388 0,1,2,3
538A 0,1,2,3
538D 0,1,2,3
5390 0,1,2,3
5391 0,1,2,3
5392 0,1,2,3
5395 0,1,2,3
5396 0,1,2,3
5398 0,1,2,3
539B 0,1,2,3
539D 0,1,2,3
539F 0,1,2,3
53A1 0,1,2,3
53A4 0,1,2,3
53A5 0,1,2,3
53A6 0,1,2,3
53A9 0,1,2,3
53AB 0,1,2,3
53AE 0,1,2,3
53B0 0,1,2,3
53B3 0,1,2,3
53B4 0,1,2,3
53B7 0,1,2,3
53BA 0,1,2,3
53BD 0,1,2,3
53C0 0,1,2,3
53C3 0,1,2,3
53C6 0,1,2,3
53C8 0,1,2,3
53CB 0,1,2,3
53CE 0,1,2,3
53D0 0,1,2,3
53D2 0,1,2,3
53D6 0,1,2,3
53D9 0,1,2,3
53DD 0,1,2,3
53E0 0,1,2,3
53E1 0,1,2,3
53E2 0,1,2,3
53E5 0,1,2,3
53E7 0,1,2,3
53E8 0,1,2,3
53EB 0,1,2,3
53EF 0,1,2,3
53F0 0,1,2,3
53F3 0,7,8,9
53F7 0,7,8,9
53FA 0,7,8,9
53FD 0,1,2,3
5400 0,1,2,3
5403 0,1,2,3
5404 0,1,2,3
5407 0,1,2,3
540A 0,1,2,3
540B 0,1,2,3
540D 0,1,2,3
5410 0,1,2,3
5413 0,1,2,3
5414 0,1,2,3
5416 0,1,2,3
5419 0,1,2,3
541C 0,1,2,3
541E 0,1,2,3
5420 0,1,2,3
5423 0,1,2,3
5426 0,1,2,3
5427 0,1,2,3
5428 0,1,2,3
542B 0,1,2,3
542C 0,1,2,3
542D 0,1,2,3
5430 0,1,2,3
5431 0,1,2,3
543C 0,1,2,3
543F 0,1,2,3
5441 0,1,2,3
5443 0,1,2,3
5446 0,1,2,3
5447 0,1,2,3
5449 0,1,2,3
544C 0,1,2,3
544D 0,1,2,3
544F 0,1,2,3
5450 0,1,2,3
5453 0,1,2,3
5456 0,1,2,3
5458 0,1,2,3
5459 0,1,2,3
545C 0,1,2,3
545E 0,1,2,3
5461 0,1,2,3
5464 0,1,2,3
5467 0,1,2,3
546A 0,1,2,3
546C 0,1,2,3
546F 0,1,2,3
5470 0,1,2,3
5472 0,1,2,3
5473 0,1,2,3
5474 0,1,2,3
5476 0,1,2,3
547A 0,1,2,3
547D 0,1,2,3
5480 0,1,2,3
5483 0,1,2,3
5486 0,1,2,3
5489 0,1,2,3
548C 0,1,2,3
548F 0,1,2,3
5490 0,1,2,3
5491 0,1,2,3
5493 0,1,2,3
5494 0,1,2,3
5495 0,1,2,3
5497 0,1,2,3
5498 0,1,2,3
549C 0,1,2,3
549E 0,1,2,3
54A1 0,1,2,3
54A4 0,1,2,3
54A6 0,1,2,3
54A9 0,1,2,3
54AB 0,1,2,3
54AE 0,1,2,3
54B1 0,1,2,3
54B2 0,1,2,3
54B5 0,1,2,3
54B6 0,1,2,3
54B7 0,1,2,3
54B8 0,1,2,3
54BA 0,1,2,3
54BD 0,1,2,3
54C0 0,1,2,3
54C2 0,1,2,3
54C4 0,1,2,3
54C5 0,1,2,3
54C8 0,1,2,3
54CB 0,1,2,3
54CC 0,1,2,3
54D6 0,1,2,3
54D9 0,1,2,3
54DA 0,1,2,3
54DD 0,1,2,3
54E0 0,1,2,3
54E1 0,1,2,3
54E4 0,1,2,3
54E7 0,1,2,3
54E8 0,1,2,3
54EA 0,1,2,3
54EB 0,1,2,3
54EE 0,1,2,3
54F1 0,1,2,3
54F2 0,1,2,3
54F4 0,1,2,3
54F8 0,1,2,3
54FB 0,1,2,3
54FC 0,1,2,3
5508 0,1,2,3
550A 0,1,2,3
550D 0,1,2,3
550F 0,1,2,3
5512 0,1,2,3
5515 0,1,2,3
5518 0,1,2,3
5519 0,1,2,3
551C 0,1,2,3
551F 0,1,2,3
5521 0,1,2,3
5524 0,1,2,3
5527 0,1,2,3
552A 0,1,2,3
552D 0,1,2,3
5530 0,1,2,3
5533 0,1,2,3
5536 0,1,2,3
5537 0,1,2,3
553A 0,1,2,3
5553 0,1,2,3
5556 0,1,2,11
5559 0,1,2,11
555C 0,1,2,11
55EA 0,1,2,3
55ED 0,1,2,3
55F9 0,1,2,3
55FB 0,1,2,3
55FE 0,1,2,3
55FF 0,1,2,3
5600 0,1,2,3
57DC 0,1,2,3
57DF 0,1,2,3
57E2 0,1,2,3
57E5 0,1,2,3
57E6 0,1,2,3
57E7 0,1,2,3
57EA 0,1,2,3
57EC 0,1,2,3
57EF 0,1,2,3
57F2 0,1,2,3
57F3 0,1,2,3
57F5 0,1,2,3
57F7 0,1,2,3
57F9 0,1,2,3
57FB 0,1,2,3
57FE 0,1,2,3
5800 0,1,2,3
5801 0,1,2,3
5803 0,1,2,3
5804 0,1,2,3
5805 0,1,2,3
5808 0,1,2,3
580A 0,1,2,3
580B 0,1,2,3
580C 0,1,2,3
580D 0,1,2,3
5810 0,1,2,3
5812 0,1,2,3
5815 0,1,2,3
5816 0,1,2,3
5817 0,1,2,3
5819 0,1,2,3
581B 0,1,2,3
581C 0,1,2,3
581D 0,1,2,3
581E 0,1,2,3
5821 0,1,2,3
5822 0,1,2,3
5825 0,1,2,3
5827 0,1,2,3
582A 0,1,2,3
582D 0,1,2,3
5830 0,1,2,3
5833 0,1,2,3
5835 0,1,2,3
5838 0,1,2,3
583B 0,1,2,3
583C 0,1,2,3
583D 0,1,2,3
583E 0,1,2,3
5840 0,1,2,3
5842 0,1,2,3
5843 0,1,2,3
5846 0,1,2,3
5849 0,1,2,3
584C 0,1,2,3
584F 0,1,2,3
5852 0,1,2,3
5855 0,1,2,3
5857 0,1,2,3
5858 0,1,2,3
585A 0,1,2,3
585B 0,1,2,3
585E 0,1,2,3
585F 0,1,2,3
5861 0,1,2,3
5862 0,1,2,3
5863 0,1,2,3
5864 0,1,2,3
5866 0,1,2,3
5867 0,1,2,3
5868 0,1,2,3
5869 0,1,2,3
586A 0,1,2,3
586C 0,1,2,3
586D 0,1,2,3
586E 0,1,2,3
5870 0,1,2,3
5871 0,1,2,3
5872 0,1,2,3
5873 0,1,2,3
5875 0,1,2,3
5876 0,1,2,3
5877 0,1,2,3
5878 0,1,2,3
5879 0,1,2,3
587A 0,1,2,3
587D 0,1,2,3
5880 0,1,2,3
5883 0,1,2,3
5885 0,1,2,3
5887 0,1,2,3
5888 0,1,2,3
588B 0,1,2,3
588C 0,1,2,3
588F 0,1,2,3
5892 0,1,2,3
5895 0,1,2,3
5896 0,1,2,3
5898 0,1,2,3
5899 0,1,2,3
589C 0,1,2,3
589E 0,1,2,3
58A1 0,1,2,3
58A2 0,1,2,3
58A5 0,1,2,3
58A8 0,1,2,3
58AB 0,1,2,3
58AD 0,1,2,3
58AE 0,1,2,3
58B1 0,1,2,3
58B3 0,1,2,3
58B4 0,1,2,3
58B5 0,1,2,3
58B7 0,1,2,3
58B8 0,1,2,3
58BB 0,1,2,3
58BD 0,1,2,3
58E9 0,1,10,15
58E9 0,1,2,3
58EC 0,1,10,15
58EC 0,1,2,3
58ED 0,1,10,15
58ED 0,1,2,3
58EE 0,1,10,15
58EE 0,1,2,3
58EF 0,1,10,15
58EF 0,1,2,3
58F1 0,1,10,15
58F1 0,1,2,3
58F3 0,1,10,15
58F3 0,1,2,3
58F4 0,1,10,15
58F4 0,1,2,3
58F6 0,1,10,15
58F6 0,1,2,3
58F9 0,1,10,15
58F9 0,1,2,3
58FB 0,1,10,15
58FB 0,1,2,3
58FD 0,1,10,15
58FF 0,1,10,15
58FF 0,1,2,3
5900 0,1,10,15
5900 0,1,2,3
5903 0,1,10,15
5903 0,1,2,3
5906 0,1,10,15
5906 0,1,2,3
5907 0,1,10,15
5907 0,1,2,3
5909 0,1,10,15
5909 0,1,2,3
590C 0,1,10,15
590C 0,1,2,3
590F 0,1,10,15
590F 0,1,2,3
5912 0,1,10,15
5912 0,1,2,3
5914 0,1,10,15
5914 0,1,2,3
5917 0,1,10,15
5917 0,1,2,3
5918 0,1,10,15
5918 0,1,2,3
5919 0,1,2,3
591C 0,1,2,3
591D 0,1,2,3
591E 0,1,2,3
5921 0,1,2,3
5923 0,1,2,3
5927 0,1,2,3
592A 0,1,2,3
592C 0,1,2,3
5930 0,1,2,3
5933 0,1,2,3
5935 0,1,2,3
5936 0,1,2,3
5939 0,1,2,3
593A 0,1,2,3
593B 0,1,2,3
593F 0,1,2,3
5942 0,1,2,3
5944 0,1,2,3
5946 0,1,2,3
5947 0,1,2,3
5948 0,1,2,3
5949 0,1,2,3
594A 0,1,2,3
594B 0,1,2,3
594C 0,1,2,3
594D 0,1,2,3
594E 0,1,2,3
594F 0,1,2,3
5950 0,1,2,3
5951 0,1,2,3
5953 0,1,2,3
5954 0,1,2,3
5955 0,1,2,3
5956 0,1,2,3
5957 0,1,2,3
5959 0,1,2,3
595A 0,1,2,3
595B 0,1,2,3
5970 0,1,2,3
5971 0,1,2,3
5973 0,1,2,3
5974 0,1,2,3
5976 0,1,2,3
5977 0,1,2,3
5978 0,1,2,3
5979 0,1,2,3
597A 0,1,2,3
597C 0,1,2,3
597D 0,1,2,3
597E 0,1,2,3
597F 0,1,2,3
5980 0,1,2,3
5982 0,1,2,3
5983 0,1,2,3
5984 0,1,2,3
5985 0,1,2,3
5986 0,1,2,3
599C 0,1,2,3
59A0 0,1,2,3
59A3 0,1,2,3
59A5 0,1,2,3
59A8 0,1,2,3
59AA 0,1,2,3
59AD 0,1,2,3
59AE 0,1,2,3
59AF 0,1,2,3
59B0 0,1,2,3
59B2 0,1,2,3
59B3 0,1,2,3
59B4 0,1,2,3
59B5 0,1,2,3
59B7 0,1,2,3
59B8 0,1,2,3
59B9 0,1,2,3
59BC 0,1,2,3
59BE 0,1,2,3
59C0 0,1,2,3
59D0 0,1,2,3
59D2 0,1,2,3
59D3 0,1,2,3
59D7 0,1,2,3
59DA 0,1,2,3
59DC 0,1,2,3
59DE 0,1,2,3
59DF 0,1,2,3
59E1 0,1,2,3
59E3 0,1,2,3
59E5 0,1,2,3
59E8 0,1,2,3
59E9 0,1,2,3
59EA 0,1,2,3
59EB 0,1,2,3
59EC 0,1,2,3
59ED 0,1,2,3
59EF 0,1,2,3
59F0 0,1,2,3
59F3 0,1,2,3
59F5 0,1,2,3
59F6 0,1,2,3
59F8 0,1,2,3
59F9 0,1,2,3
59FA 0,1,2,3
59FE 0,1,2,3
5A01 0,1,2,3
5A03 0,1,2,3
5A05 0,1,2,3
5A07 0,1,2,3
5A09 0,1,2,3
5A0C 0,1,2,3
5A10 0,1,2,3
5A12 0,1,2,3
5A15 0,1,2,3
5A17 0,1,2,3
5A19 0,1,2,3
5A1D 0,1,2,3
5A21 0,1,2,3
5A24 0,1,2,3
5A26 0,1,2,3
5A29 0,1,2,3
5A2C 0,1,2,3
5A2F 0,1,2,3
5A32 0,1,2,3
5A34 0,1,2,3
5A37 0,1,2,3
5A3B 0,1,2,3
5A3D 0,1,2,3
5A40 0,1,2,3
5A42 0,1,2,3
5A44 0,1,2,3
5A48 0,1,2,3
5A4C 0,1,2,3
5A4F 0,1,2,3
5A52 0,1,2,3
5A54 0,1,2,3
5A56 0,1,2,3
5A58 0,1,2,3
5A5A 0,1,2,3
5A5D 0,1,2,3
5A5E 0,1,2,3
5A5F 0,1,2,3
5A60 0,1,2,3
5A61 0,1,2,3
5A63 0,1,2,3
5A66 0,1,2,3
5A67 0,1,2,3
5A68 0,1,2,3
5A69 0,1,2,3
5A6A 0,1,2,3
5A6B 0,1,2,3
5A6C 0,1,2,3
5A6D 0,1,2,3
5A6E 0,1,2,3
5A6F 0,1,2,3
5A71 0,1,2,3
5A72 0,1,2,3
5A74 0,1,2,3
5A75 0,1,2,3
5A77 0,1,2,3
5A78 0,1,2,3
5A7A 0,1,2,3
5A7B 0,1,2,3
5A7D 0,1,2,3
5A7E 0,1,2,3
5A81 0,1,2,3
5A84 0,1,2,3
5A87 0,1,2,3
5A8A 0,1,2,3
5A8C 0,1,2,3
5A8F 0,1,2,3
5A90 0,1,2,3
5A91 0,1,2,3
5A92 0,1,2,3
5A93 0,1,2,3
5A94 0,1,2,3
5A95 0,1,2,3
5A96 0,1,2,3
5A98 0,1,2,3
5A99 0,1,2,11
5A99 0,1,2,12
5A99 0,1,2,3
5A9A 0,1,2,11
5A9A 0,1,2,12
5A9A 0,1,2,3
5A9B 0,1,2,11
5A9B 0,1,2,12
5A9B 0,1,2,3
5A9C 0,1,2,11
5A9C 0,1,2,12
5A9C 0,1,2,3
5A9D 0,1,2,11
5A9D 0,1,2,12
5A9D 0,1,2,3
5A9E 0,1,2,11
5A9E 0,1,2,12
5A9E 0,1,2,3
5AA0 0,1,2,11
5AA0 0,1,2,12
5AA0 0,1,2,3
5AA1 0,1,2,11
5AA1 0,1,2,12
5AA1 0,1,2,3
5AA3 0,1,2,11
5AA3 0,1,2,12
5AA3 0,1,2,3
5AA4 0,1,2,11
5AA4 0,1,2,12
5AA4 0,1,2,3
5AA6 0,1,2,11
5AA6 0,1,2,12
5AA6 0,1,2,3
5AA7 0,1,2,11
5AA7 0,1,2,12
5AA7 0,1,2,3
5AA9 0,1,2,11
5AA9 0,1,2,12
5AA9 0,1,2,3
5AAB 0,1,2,11
5AAB 0,1,2,12
5AAB 0,1,2,3
5AAC 0,1,2,11
5AAC 0,1,2,12
5AAC 0,1,2,3
5AAD 0,1,14,15
5AAF 0,1,14,15
5AB0 0,1,14,15
5AB1 0,1,14,15
5AB3 0,1,14,15
5AB4 0,1,14,15
5AB6 0,1,14,15
5AB7 0,1,14,15
5AB8 0,1,14,15
5ABA 0,1,14,15
5ABB 0,1,14,15
5ABC 0,1,14,15
5ABD 0,1,14,15
5ABF 0,1,14,15
5AC0 0,1,14,15
5AC2 0,1,14,15
5AC4 0,1,14,15
5AC6 0,1,14,15
5AC8 0,1,14,15
5ACA 0,1,14,15
5ACB 0,1,14,15
5ACD 0,1,14,15
5ACE 0,1,14,15
5ACF 0,1,14,15
5AD0 0,1,14,15
5AD2 0,1,14,15
5AD3 0,1,14,15
5AD6 0,1,14,15
5AD7 0,1,14,15
5AD8 0,1,2,11
5AD8 0,1,2,12
5AD8 0,1,2,3
5AD9 0,1,2,11
5AD9 0,1,2,12
5AD9 0,1,2,3
5ADA 0,1,2,11
5ADA 0,1,2,12
5ADA 0,1,2,3
5ADD 0,1,2,11
5ADD 0,1,2,12
5ADD 0,1,2,3
5ADE 0,1,2,11
5ADE 0,1,2,12
5ADE 0,1,2,3
5ADF 0,1,10,15
5ADF 0,1,2,11
5ADF 0,1,2,12
5ADF 0,1,2,3
5AE0 0,1,10,15
5AE0 0,1,2,11
5AE0 0,1,2,12
5AE0 0,1,2,3
5AE1 0,1,10,15
5AE1 0,1,2,11
5AE1 0,1,2,12
5AE1 0,1,2,3
5AE2 0,1,10,15
5AE2 0,1,2,11
5AE2 0,1,2,12
5AE2 0,1,2,3
5AE3 0,1,10,15
5AE3 0,1,2,11
5AE3 0,1,2,12
5AE3 0,1,2,3
5AE4 0,1,10,15
5AE4 0,1,2,11
5AE4 0,1,2,12
5AE4 0,1,2,3
5AE5 0,1,10,15
5AE5 0,1,2,11
5AE5 0,1,2,12
5AE5 0,1,2,3
5AE6 0,1,10,15
5AE6 0,1,2,11
5AE6 0,1,2,12
5AE6 0,1,2,3
5AE7 0,1,2,3
5AE8 0,1,2,3
5AE9 0,1,2,3
5AEA 0,1,2,3
5AEB 0,1,2,3
5AEC 0,1,2,3
5AED 0,1,2,3
5AEE 0,1,2,3
5AEF 0,1,2,3
5AF0 0,1,2,3
5AF3 0,1,2,3
5AF6 0,1,2,3
5AF9 0,1,2,3
5AFA 0,1,2,3
5AFB 0,1,2,3
5AFE 0,1,2,3
5B01 0,1,2,3
5B04 0,1,2,3
5B07 0,1,2,3
5B08 0,1,2,3
5B0A 0,1,2,3
5B0D 0,1,2,3
5B10 0,1,2,3
5B13 0,1,2,3
5B16 0,1,2,3
5B19 0,1,2,3
5B1B 0,1,2,3
5B1D 0,1,2,3
5B1E 0,1,2,3
5B21 0,1,2,3
5B24 0,1,2,3
5B27 0,1,2,3
5B2A 0,1,2,3
5B2D 0,1,2,3
5B30 0,1,2,3
5B32 0,1,2,3
5B35 0,1,2,3
5B38 0,1,2,3
5B39 0,1,2,3
5B64 0,1,2,3
5B67 0,1,2,3
5B68 0,1,2,3
5C3A 0,7,8,9
5C3E 0,7,8,9
5C41 0,7,8,9
5C42 0,7,8,9
5C70 0,7,8,9
5C73 0,7,8,9
5C74 0,7,8,9
5C77 0,1,2,3
5C7A 0,1,2,3
5C7E 0,1,2,3
5C81 0,1,2,3
5C82 0,1,2,3
5CBF 0,1,2,3
5CC0 0,1,2,3
5CC1 0,1,2,3
5CC2 0,1,2,3
5CC3 0,1,2,3
5CC6 0,1,2,3
5CC7 0,1,2,3
5D18 0,1,2,3
5D1B 0,1,2,3
5D1C 0,1,2,3
5D1E 0,1,2,3
5D22 0,1,2,3
5D25 0,1,2,3
5D29 0,1,2,3
5D2C 0,1,2,3
5D2F 0,1,2,3
5D30 0,1,2,3
5D31 0,1,2,3
5D32 0,1,2,3
5D34 0,1,2,3
5D36 0,1,2,3
5D37 0,1,2,3
5D3A 0,1,2,3
5D3B 0,1,2,3
5D3C 0,1,2,3
5D3D 0,1,2,3
5D3F 0,1,2,3
5D41 0,1,2,3
5D42 0,1,2,3
5D43 0,1,2,3
5D44 0,1,2,3
5D45 0,1,2,3
5D46 0,1,2,3
5D48 0,1,2,3
5D49 0,1,2,3
5D4A 0,1,2,3
5D4B 0,1,2,3
5D4C 0,1,2,3
5D4D 0,1,2,3
5D4E 0,1,2,3
5D4F 0,1,2,3
5D50 0,1,2,3
5D51 0,1,2,3
5D52 0,1,2,3
5D55 0,1,2,3
5D56 0,1,2,3
5D62 0,1,2,3
5D65 0,1,2,3
5D66 0,1,2,3
5D68 0,1,2,3
5D6B 0,1,2,3
5D6D 0,1,2,3
5D71 0,1,2,3
5D73 0,1,2,3
5D76 0,1,2,3
5D78 0,1,2,3
5D79 0,1,2,3
5D7C 0,1,2,3
5D7D 0,1,2,3
5D7F 0,1,2,3
5D80 0,1,2,3
5D82 0,1,2,3
5D83 0,1,2,3
5D84 0,1,2,3
5D86 0,1,2,3
5D87 0,1,2,3
5D88 0,1,2,3
5D8A 0,1,2,3
5D8B 0,1,2,3
5D8C 0,1,2,3
5D8E 0,1,2,3
5D91 0,1,2,3
5D95 0,1,2,3
5D97 0,1,2,3
5D9A 0,1,2,3
5D9D 0,1,2,3
5D9F 0,1,2,3
5DA0 0,1,2,3
5DA3 0,1,2,3
5DA4 0,1,2,3
5DA7 0,1,2,3
5DAA 0,1,2,3
5DAB 0,1,2,3
5DAC 0,1,2,3
5DAE 0,1,2,3
5DB1 0,1,2,3
5DB2 0,1,2,3
5DB3 0,1,2,3
5DB6 0,1,2,3
5DB7 0,1,2,3
5DCC 0,1,2,3
5DCF 0,1,2,3
5DD0 0,1,2,3
5DD1 0,1,2,3
5DD3 0,1,2,3
5DD5 0,1,2,3
5DD6 0,1,2,3
5DD9 0,1,2,3
5DDA 0,1,2,3
5DDB 0,1,2,3
5DDC 0,1,2,3
5DDD 0,1,2,3
5DDE 0,1,2,3
5DE0 0,1,2,3
5DE2 0,1,2,3
5DE5 0,1,2,3
5DE6 0,1,2,3
5DE9 0,1,2,3
5DEA 0,1,2,3
5DEC 0,1,2,3
5DED 0,1,2,3
5DEE 0,1,2,3
5DF0 0,1,2,3
5DF1 0,1,2,3
5DF4 0,1,2,3
5DF8 0,1,2,3
5DFA 0,1,2,3
5DFD 0,1,2,3
5DFE 0,1,2,3
5DFF 0,1,2,3
5E02 0,1,14,15
5E05 0,1,14,15
5E06 0,1,14,15
5E07 0,1,14,15
5E08 0,1,14,15
5E0B 0,1,14,15
5E0E 0,1,14,15
5E0F 0,1,14,15
5E12 0,1,14,15
5E14 0,1,14,15
5E15 0,1,14,15
5E17 0,1,14,15
5E19 0,1,14,15
5E1C 0,1,14,15
5E1D 0,1,14,15
5E1E 0,1,14,15
5E20 0,1,14,15
5E21 0,1,14,15
5E22 0,1,14,15
5E25 0,1,14,15
5E26 0,1,14,15
5E29 0,1,14,15
5E2C 0,1,14,15
5E2F 0,1,2,3
5E30 0,1,2,3
5E31 0,1,2,3
5E33 0,1,2,3
5E36 0,1,2,3
5E37 0,1,2,3
5E39 0,1,2,3
5E3B 0,1,2,3
5E3D 0,1,2,3
5E40 0,1,2,3
5E43 0,1,2,3
5E44 0,1,2,3
5E46 0,1,2,3
5E48 0,1,2,3
5E4A 0,1,2,3
5E4B 0,1,2,3
5E4D 0,1,2,3
5E4E 0,1,2,3
5E4F 0,1,2,3
5E50 0,1,2,3
5E52 0,1,2,3
5E53 0,1,2,3
5EA7 0,1,2,3
5EAA 0,1,2,3
5EAB 0,1,2,3
5EAD 0,1,2,3
5EAE 0,1,2,3
5EB0 0,1,2,3
5F0C 0,1,2,3
5F10 0,1,2,3
5F13 0,1,2,3
5F17 0,1,2,3
5F1A 0,1,2,3
5F1B 0,1,2,3
5F1C 0,1,2,3
5F1F 0,1,2,3
5F20 0,1,2,3
5F57 0,1,2,3
5F58 0,1,2,3
5F5B 0,1,2,3
5F5E 0,1,2,3
5F61 0,1,2,3
5F63 0,1,2,3
5F66 0,1,10,15
5F67 0,1,10,15
5F69 0,1,2,3
5F6C 0,1,2,3
5F6D 0,1,10,15
5F6D 0,1,2,3
5F70 0,1,10,15
5F70 0,1,2,3
5F72 0,1,2,3
5F73 0,1,10,15
5F73 0,1,2,3
5F76 0,1,2,3
5F79 0,1,2,3
5F7A 0,1,2,3
5F7C 0,1,2,3
5F7F 0,1,2,3
5F81 0,1,2,3
5F83 0,1,2,3
5F86 0,1,2,3
5F87 0,1,2,3
5F8A 0,1,2,3
5F8B 0,1,2,3
5F8D 0,1,2,3
5F90 0,1,2,3
5F91 0,1,2,3
5F93 0,1,2,3
5F95 0,1,2,3
5F96 0,1,2,3
5F97 0,1,2,3
5F99 0,1,2,3
5F9A 0,1,2,3
5F9D 0,1,2,3
5F9E 0,1,2,3
5F9F 0,1,2,3
5FA1 0,1,2,3
5FA3 0,1,2,3
5FA6 0,1,2,3
5FA7 0,1,2,3
5FA9 0,1,2,3
5FAB 0,1,2,3
5FAC 0,1,2,3
5FAD 0,1,2,3
5FAF 0,1,2,3
5FB0 0,1,2,3
5FB3 0,1,2,3
5FB5 0,1,2,3
5FB7 0,1,2,3
5FBA 0,1,2,3
5FBD 0,1,2,3
5FBF 0,1,2,3
5FC1 0,1,2,3
5FC4 0,1,2,3
5FC5 0,1,2,3
5FC8 0,1,2,3
5FCA 0,1,2,3
5FED 0,1,2,3
5FF0 0,1,2,3
5FF3 0,1,2,3
5FF4 0,1,2,3
5FF7 0,1,2,3
5FFA 0,1,2,3
5FFB 0,1,2,3
6004 0,1,2,3
6006 0,1,2,3
6009 0,1,2,3
600B 0,1,2,3
600D 0,1,2,3
6010 0,1,2,3
6011 0,1,2,3
6012 0,1,2,3
6015 0,1,2,3
6055 0,1,14,15
6059 0,1,14,15
605C 0,1,14,15
6060 0,1,14,15
6063 0,1,14,15
6064 0,1,14,15
6065 0,1,14,15
6067 0,1,14,15
6068 0,1,14,15
606A 0,1,14,15
606C 0,1,14,15
606E 0,1,14,15
6070 0,1,14,15
6073 0,1,14,15
6074 0,1,14,15
6075 0,1,14,15
6078 0,1,14,15
607B 0,1,14,15
607C 0,1,14,15
6080 0,1,14,15
6083 0,1,14,15
6085 0,1,14,15
6088 0,1,14,15
608B 0,1,14,15
608C 0,1,14,15
608D 0,1,14,15
608F 0,1,14,15
6090 0,1,14,15
6091 0,1,14,15
6092 0,1,14,15
6093 0,1,14,15
6094 0,1,14,15
6096 0,1,14,15
6098 0,1,14,15
609B 0,1,14,15
609C 0,1,14,15
609D 0,1,14,15
609F 0,1,14,15
60A0 0,1,14,15
60A3 0,1,14,15
60A6 0,1,14,15
60A7 0,1,14,15
60AA 0,1,14,15
60AC 0,1,14,15
60AD 0,1,14,15
60AE 0,1,14,15
60AF 0,1,14,15
60B2 0,1,14,15
60B5 0,1,14,15
60B7 0,1,14,15
60D4 0,1,2,3
60D7 0,1,2,3
60D8 0,1,2,3
60DC 0,1,2,3
60DF 0,1,2,3
60E1 0,1,2,3
60E4 0,1,2,3
60E5 0,1,2,3
60E7 0,1,2,3
60EA 0,1,2,3
60EB 0,1,2,3
60EC 0,1,2,3
60EF 0,1,2,3
60F0 0,1,2,3
60F1 0,1,2,3
60F4 0,1,2,3
60F5 0,1,2,3
60F6 0,1,2,3
60F9 0,1,2,3
60FA 0,1,2,3
60FB 0,1,2,3
60FC 0,1,2,3
60FE 0,1,2,3
60FF 0,1,2,3
6101 0,1,2,3
6102 0,1,2,3
6104 0,1,2,3
6105 0,1,2,3
6106 0,1,2,3
6107 0,1,2,3
6108 0,1,2,3
6109 0,1,2,3
610C 0,1,2,3
610F 0,1,2,3
6110 0,1,2,3
6111 0,1,2,3
6114 0,1,14,15
6117 0,1,14,15
611A 0,1,14,15
611E 0,1,14,15
6121 0,1,14,15
6123 0,1,14,15
6124 0,1,14,15
6127 0,1,14,15
6128 0,1,14,15
612A 0,1,14,15
612E 0,1,14,15
6130 0,1,14,15
6132 0,1,14,15
6135 0,1,14,15
6137 0,1,14,15
613A 0,1,14,15
613C 0,1,14,15
613F 0,1,14,15
6141 0,1,14,15
6144 0,1,14,15
6146 0,1,14,15
6149 0,1,14,15
614B 0,1,14,15
614E 0,1,14,15
6150 0,1,14,15
6152 0,1,14,15
6154 0,1,14,15
6158 0,1,14,15
615A 0,1,14,15
615D 0,1,14,15
615E 0,1,14,15
6161 0,1,14,15
6163 0,1,14,15
6164 0,1,14,15
6165 0,1,14,15
6167 0,1,14,15
6178 0,1,14,15
617B 0,1,14,15
617D 0,1,14,15
617E 0,1,14,15
6181 0,1,14,15
6184 0,1,14,15
6185 0,1,14,15
6186 0,1,14,15
6189 0,1,14,15
618A 0,1,14,15
618B 0,1,14,15
618E 0,1,14,15
618F 0,1,14,15
6190 0,1,14,15
6193 0,1,14,15
6194 0,1,14,15
6195 0,1,14,15
6196 0,1,14,15
61B6 0,1,14,15
61B9 0,1,14,15
61BB 0,1,14,15
61BC 0,1,14,15
61BD 0,1,14,15
61C0 0,1,14,15
61C3 0,1,14,15
61C6 0,1,14,15
61C7 0,1,14,15
61CA 0,1,14,15
61CD 0,1,14,15
61D0 0,1,14,15
61D3 0,1,14,15
61D4 0,1,14,15
61D5 0,1,14,15
61D7 0,1,14,15
61D9 0,1,14,15
61DA 0,1,14,15
61DB 0,1,14,15
61DC 0,1,14,15
61DE 0,1,14,15
61E1 0,1,14,15
61E2 0,1,14,15
61E4 0,1,14,15
61E5 0,1,14,15
61E6 0,1,14,15
61E7 0,1,14,15
61E9 0,1,14,15
61EB 0,1,14,15
61EE 0,1,14,15
61F0 0,1,14,15
61F2 0,1,14,15
61F3 0,1,14,15
61F4 0,1,14,15
61F7 0,1,14,15
61F8 0,1,14,15
61FA 0,1,14,15
61FB 0,1,14,15
61FC 0,1,14,15
61FD 0,1,14,15
61FF 0,1,14,15
6200 0,1,14,15
6202 0,1,14,15
6203 0,1,14,15
6263 0,1,2,3
6266 0,1,14,15
6269 0,1,14,15
626C 0,1,14,15
626F 0,1,14,15
6270 0,1,14,15
6271 0,1,14,15
6272 0,1,14,15
6276 0,1,14,15
6277 0,1,14,15
627A 0,1,14,15
627D 0,1,14,15
627E 0,1,14,15
6280 0,1,14,15
6282 0,1,14,15
6284 0,1,14,15
6286 0,1,14,15
6288 0,1,14,15
628A 0,1,14,15
628C 0,1,14,15
628E 0,1,14,15
6290 0,1,14,15
6292 0,1,14,15
6294 0,1,14,15
6296 0,1,14,15
6298 0,1,14,15
629A 0,1,14,15
629C 0,1,14,15
629E 0,1,14,15
62A0 0,1,14,15
62A1 0,1,14,15
62A4 0,1,14,15
62A5 0,1,14,15
62A8 0,1,14,15
62AA 0,1,14,15
62AC 0,1,14,15
62B5 0,1,14,15
62B8 0,1,14,15
62B9 0,1,14,15
62BB 0,1,14,15
62BE 0,1,14,15
62C0 0,1,14,15
62C2 0,1,2,3
62C5 0,1,14,15
62C8 0,1,14,15
62CB 0,1,14,15
62CE 0,1,14,15
62CF 0,1,14,15
62D0 0,1,14,15
62D1 0,1,14,15
62D5 0,1,14,15
62D7 0,1,14,15
62DA 0,1,14,15
62DB 0,1,14,15
62DE 0,1,14,15
62E0 0,1,14,15
62E8 0,1,14,15
62EB 0,1,14,15
62EC 0,1,14,15
62EF 0,1,14,15
62F1 0,1,14,15
62F3 0,1,14,15
62F4 0,1,14,15
62F7 0,1,14,15
62F8 0,1,14,15
62F9 0,1,14,15
62FB 0,1,14,15
62FC 0,1,14,15
62FE 0,1,14,15
62FF 0,1,14,15
6301 0,1,14,15
6302 0,1,14,15
6305 0,1,14,15
6308 0,1,14,15
630B 0,1,14,15
630E 0,1,14,15
6310 0,1,14,15
6312 0,1,14,15
6314 0,1,14,15
6348 0,1,14,15
634B 0,1,14,15
634E 0,1,14,15
6351 0,1,14,15
6352 0,1,14,15
6355 0,1,14,15
6358 0,1,14,15
6359 0,1,14,15
636B 0,1,14,15
636E 0,1,14,15
636F 0,1,14,15
6370 0,1,14,15
6371 0,1,14,15
6372 0,1,14,15
6375 0,1,14,15
6378 0,1,14,15
6379 0,1,14,15
637A 0,1,14,15
637B 0,1,14,15
637C 0,1,14,15
637D 0,1,14,15
6380 0,1,14,15
6382 0,1,14,15
6384 0,1,14,15
6385 0,1,14,15
6387 0,1,14,15
6388 0,1,14,15
6389 0,1,14,15
638A 0,1,14,15
638B 0,1,14,15
638D 0,1,14,15
638E 0,1,14,15
6391 0,1,14,15
6392 0,1,14,15
63A4 0,1,14,15
63A7 0,1,14,15
63A8 0,1,14,15
63A9 0,1,14,15
63AA 0,1,14,15
63AD 0,1,14,15
63B0 0,1,14,15
63B1 0,1,14,15
63B4 0,1,14,15
63B5 0,1,14,15
63B6 0,1,14,15
63B7 0,1,14,15
63B8 0,1,14,15
63BA 0,1,14,15
63BB 0,1,14,15
63BD 0,1,14,15
63C0 0,1,14,15
63C1 0,1,14,15
63C3 0,1,14,15
63C4 0,1,2,3
63C6 0,1,2,3
63C9 0,1,2,3
63CA 0,1,2,3
63CB 0,1,2,3
63CE 0,1,2,3
63CF 0,1,2,3
63D1 0,1,2,3
63D4 0,1,2,3
63D6 0,1,2,3
63D7 0,1,2,3
63DA 0,1,2,3
63DC 0,1,2,3
63DE 0,1,2,3
63E0 0,1,2,3
63E2 0,1,2,3
63E4 0,1,2,3
63E7 0,1,2,3
63E9 0,1,2,3
63EC 0,1,2,3
63EE 0,1,2,3
63F1 0,1,2,3
63F3 0,1,2,3
63F6 0,1,2,3
63F8 0,1,2,3
63FB 0,1,2,3
63FD 0,1,2,3
6400 0,1,2,3
6403 0,1,2,3
6406 0,1,2,3
6407 0,1,2,3
6408 0,1,2,3
640A 0,1,2,3
640C 0,1,2,3
640E 0,1,2,3
6410 0,1,2,3
6412 0,1,2,3
6414 0,1,2,3
6415 0,1,2,3
6418 0,1,2,3
641B 0,1,2,3
641E 0,1,2,3
6421 0,1,2,3
6423 0,1,2,3
6426 0,1,2,3
6429 0,1,2,3
642C 0,1,2,3
642D 0,1,2,3
642F 0,1,2,3
6431 0,1,2,3
6434 0,1,2,3
6437 0,1,2,3
6438 0,1,2,3
6446 0,1,2,3
6447 0,1,2,3
6449 0,1,2,3
644A 0,1,2,3
644B 0,1,2,3
644D 0,1,2,3
6450 0,1,2,3
6452 0,1,2,3
6455 0,1,2,3
6458 0,1,2,3
645B 0,1,2,3
645C 0,1,2,3
645E 0,1,2,3
6460 0,1,2,3
6462 0,1,2,3
6465 0,1,2,3
6466 0,1,2,3
6467 0,1,2,3
6468 0,1,2,3
646A 0,1,2,3
646D 0,1,2,3
6470 0,1,2,3
6471 0,1,2,3
6472 0,4,5,6
6473 0,4,5,6
6474 0,1,2,3
6475 0,4,5,6
6478 0,1,2,3
6478 0,4,5,6
647A 0,4,5,6
647C 0,1,2,3
647D 0,4,5,6
647F 0,4,5,6
6482 0,4,5,6
6484 0,4,5,6
6487 0,4,5,6
6489 0,4,5,6
648C 0,4,5,6
648E 0,4,5,6
6491 0,4,5,6
6493 0,4,5,6
6496 0,4,5,6
6499 0,4,5,6
649A 0,4,5,6
649D 0,4,5,6
649E 0,4,5,6
649F 0,4,5,6
64A0 0,4,5,6
64A2 0,4,5,6
64A3 0,4,5,6
64A4 0,4,5,6
64A5 0,4,5,6
64A6 0,4,5,6
64A7 0,4,5,6
64AA 0,4,5,6
64AD 0,4,5,6
64AF 0,4,5,6
64B3 0,4,5,6
64B6 0,4,5,6
64B8 0,4,5,6
64BA 0,4,5,6
64BB 0,4,5,6
64BC 0,4,5,6
64BF 0,4,5,6
64C2 0,4,5,6
64C4 0,4,5,6
64C6 0,4,5,6
64C9 0,4,5,6
64CB 0,4,5,6
64CD 0,4,5,6
64CE 0,4,5,6
64CF 0,4,5,6
64D2 0,4,5,6
64D5 0,4,5,6
64D7 0,4,5,6
64D9 0,4,5,6
64DC 0,4,5,6
64DE 0,4,5,6
64E0 0,4,5,6
64E1 0,4,5,6
64E2 0,4,5,6
64E5 0,4,5,6
64E8 0,4,5,6
64EA 0,4,5,6
64EC 0,4,5,6
64EF 0,4,5,6
64F1 0,4,5,6
64F3 0,4,5,6
64F4 0,4,5,6
64F5 0,4,5,6
64F8 0,1,14,15
64F8 0,4,5,6
64FB 0,1,14,15
64FB 0,4,5,6
64FD 0,4,5,6
64FE 0,1,14,15
64FF 0,4,5,6
6501 0,1,14,15
6502 0,4,5,6
6504 0,1,14,15
6504 0,4,5,6
6505 0,1,2,3
6506 0,4,5,6
6507 0,4,5,6
6508 0,1,2,3
6508 0,4,5,6
650B 0,1,2,3
650B 0,4,5,6
650E 0,1,2,3
650E 0,4,5,6
6510 0,4,5,6
6511 0,1,2,3
6512 0,4,5,6
6514 0,1,2,3
6515 0,4,5,6
6517 0,4,5,6
6519 0,4,5,6
651A 0,4,5,6
651B 0,4,5,6
651E 0,4,5,6
6521 0,4,5,6
6523 0,4,5,6
6525 0,4,5,6
6528 0,1,2,3
6528 0,4,5,6
652A 0,4,5,6
652B 0,1,2,3
652C 0,4,5,6
652D 0,4,5,6
652E 0,1,2,3
652E 0,4,5,6
6531 0,1,2,3
6531 0,4,5,6
6534 0,1,2,3
6534 0,4,5,6
6536 0,4,5,6
6537 0,1,2,3
6538 0,4,5,6
653A 0,1,2,3
653B 0,4,5,6
653D 0,4,5,6
653E 0,4,5,6
653F 0,4,5,6
6540 0,4,5,6
6543 0,4,5,6
6544 0,4,5,6
6545 0,4,5,6
6546 0,4,5,6
6547 0,4,5,6
6548 0,4,5,6
6549 0,4,5,6
654C 0,4,5,6
654D 0,4,5,6
654E 0,4,5,6
654F 0,4,5,6
6550 0,4,5,6
6553 0,4,5,6
6554 0,4,5,6
6555 0,4,5,6
6558 0,4,5,6
6559 0,4,5,6
655A 0,4,5,6
655D 0,4,5,6
6560 0,4,5,6
6562 0,4,5,6
657F 0,4,5,6
6582 0,4,5,6
6584 0,4,5,6
6591 0,1,2,3
6594 0,1,2,3
6595 0,1,2,3
6596 0,1,2,3
6599 0,1,2,3
659A 0,1,2,3
659B 0,1,2,3
659D 0,1,2,3
659E 0,1,2,3
65A0 0,4,5,6
65A1 0,1,2,3
65A3 0,4,5,6
65A4 0,1,2,3
65A4 0,4,5,6
65A5 0,4,5,6
65A6 0,4,5,6
65A7 0,1,2,3
65A7 0,4,5,6
65AA 0,1,2,3
65AB 0,1,2,3
65AD 0,1,2,3
65AE 0,1,2,3
65AF 0,1,2,3
65B0 0,1,2,3
65B3 0,1,2,3
65B4 0,1,2,3
65B5 0,1,2,11
65B5 0,1,2,3
65B7 0,1,2,11
65B7 0,1,2,3
65BA 0,1,2,11
65BA 0,1,2,3
65BC 0,1,2,11
65BC 0,1,2,3
65BD 0,1,2,11
65BD 0,1,2,3
65C0 0,1,2,11
65C0 0,1,2,3
65C2 0,1,2,11
65C2 0,1,2,3
65C9 0,1,2,11
65C9 0,1,2,3
65CD 0,1,2,11
65CD 0,1,2,3
65CE 0,1,2,11
65CE 0,1,2,3
65D1 0,1,2,11
65D1 0,1,2,3
65D2 0,1,2,11
65D2 0,1,2,3
65D5 0,1,2,11
65D5 0,1,2,3
65D6 0,1,2,11
65D6 0,1,2,3
65D9 0,1,2,11
65D9 0,1,2,3
65DA 0,1,2,11
65DA 0,1,2,3
65DD 0,1,2,11
65DD 0,1,2,3
65DE 0,1,2,11
65DE 0,1,2,3
65E1 0,1,2,11
65E1 0,1,2,3
65E4 0,1,2,11
65E4 0,1,2,3
65E6 0,1,2,11
65E6 0,1,2,3
65E9 0,1,2,11
65E9 0,1,2,3
65EA 0,1,2,11
65EA 0,1,2,3
65EB 0,1,2,11
65EB 0,1,2,3
65ED 0,1,2,11
65ED 0,1,2,3
65EE 0,1,2,11
65EE 0,1,2,3
65F0 0,1,2,11
65F0 0,1,2,3
65F1 0,1,2,11
65F1 0,1,2,3
65F2 0,1,2,11
65F2 0,1,2,3
65F3 0,1,2,11
65F3 0,1,2,3
65F6 0,1,2,11
65F6 0,1,2,3
65F7 0,1,2,11
65F7 0,1,2,3
65F9 0,1,2,11
65F9 0,1,2,3
65FA 0,1,2,11
65FA 0,1,2,3
65FB 0,1,2,11
65FB 0,1,2,3
65FC 0,1,2,11
65FC 0,1,2,3
65FD 0,1,2,11
65FD 0,1,2,3
65FE 0,1,2,11
65FE 0,1,2,3
65FF 0,1,2,11
65FF 0,1,2,3
6601 0,1,2,11
6601 0,1,2,3
6604 0,1,2,11
6604 0,1,2,3
6605 0,1,2,11
6605 0,1,2,3
6606 0,1,2,11
6606 0,1,2,3
6607 0,1,2,11
6607 0,1,2,3
6608 0,1,2,11
6608 0,1,2,3
660A 0,1,2,11
660A 0,1,2,3
660C 0,1,2,11
660C 0,1,2,3
660E 0,1,2,11
660E 0,1,2,3
660F 0,1,2,11
660F 0,1,2,3
6612 0,1,2,11
6612 0,1,2,3
6613 0,1,2,11
6613 0,1,2,3
6615 0,1,2,11
6615 0,1,2,3
6619 0,1,2,11
6619 0,1,2,3
661C 0,1,2,11
661C 0,1,2,3
661D 0,1,2,11
661D 0,1,2,3
6621 0,1,2,11
6621 0,1,2,3
6622 0,1,2,11
6622 0,1,2,3
6625 0,1,2,11
6625 0,1,2,3
6626 0,1,2,11
6626 0,1,2,3
6627 0,1,2,11
6627 0,1,2,3
6628 0,1,2,11
6628 0,1,2,3
662A 0,1,2,11
662A 0,1,2,3
662D 0,1,2,11
662D 0,1,2,3
6630 0,1,2,11
6630 0,1,2,3
6631 0,1,2,11
6631 0,1,2,3
6632 0,1,2,11
6632 0,1,2,3
6633 0,1,2,11
6633 0,1,2,3
6634 0,1,2,11
6634 0,1,2,3
6635 0,1,2,11
6635 0,1,2,3
6636 0,1,2,11
6636 0,1,2,3
6637 0,1,2,11
6637 0,1,2,3
6638 0,1,2,11
6638 0,1,2,3
6639 0,1,2,11
6639 0,1,2,3
663A 0,1,2,11
663A 0,1,2,3
663B 0,1,2,11
663B 0,1,2,3
663C 0,1,2,11
663C 0,1,2,3
663D 0,1,2,11
663D 0,1,2,3
663E 0,1,2,11
663E 0,1,2,3
6641 0,1,2,11
6641 0,1,2,3
6642 0,1,2,11
6642 0,1,2,3
6643 0,1,2,11
6643 0,1,2,3
6644 0,1,2,11
6644 0,1,2,3
6646 0,1,2,11
6646 0,1,2,3
6649 0,1,2,11
6649 0,1,2,3
664A 0,1,2,11
664A 0,1,2,3
664B 0,1,2,11
664B 0,1,2,3
664D 0,1,2,11
664D 0,1,2,3
664F 0,1,2,11
664F 0,1,2,3
6651 0,1,2,11
6651 0,1,2,3
6653 0,1,2,11
6653 0,1,2,3
6654 0,1,2,11
6654 0,1,2,3
6656 0,1,2,11
6656 0,1,2,3
6659 0,1,2,11
6659 0,1,2,3
665C 0,1,2,11
665C 0,1,2,3
665D 0,1,2,11
665D 0,1,2,3
665E 0,1,2,11
665E 0,1,2,3
6661 0,1,2,11
6661 0,1,2,3
6663 0,1,2,11
6663 0,1,2,3
6665 0,1,2,11
6665 0,1,2,3
6666 0,1,2,11
6666 0,1,2,3
6667 0,1,2,11
6667 0,1,2,3
666A 0,1,2,11
666A 0,1,2,3
666C 0,1,2,11
666C 0,1,2,3
666E 0,1,2,11
666E 0,1,2,3
6670 0,1,2,11
6670 0,1,2,3
6672 0,1,2,11
6672 0,1,2,3
6674 0,1,2,11
6674 0,1,2,3
6676 0,1,2,3
6678 0,1,2,3
6679 0,1,2,3
667A 0,1,2,3
667D 0,1,2,3
667E 0,1,2,3
667F 0,1,2,11
667F 0,1,2,3
6680 0,1,2,11
6680 0,1,2,3
6681 0,1,2,11
6681 0,1,2,3
6682 0,1,2,11
6682 0,1,2,3
6683 0,1,2,11
6683 0,1,2,3
6684 0,1,2,11
6684 0,1,2,3
6687 0,1,2,11
6687 0,1,2,3
6688 0,1,2,11
6688 0,1,2,3
6689 0,1,2,11
6689 0,1,2,3
668A 0,1,2,11
668A 0,1,2,3
668B 0,1,2,11
668B 0,1,2,3
668D 0,1,2,11
668D 0,1,2,3
6690 0,1,2,11
6690 0,1,2,3
6693 0,1,2,11
6693 0,1,2,3
6695 0,1,2,11
6695 0,1,2,3
66A1 0,1,2,11
66A1 0,1,2,3
66A3 0,1,2,11
66A3 0,1,2,3
66A6 0,1,2,11
66A6 0,1,2,3
66A8 0,1,2,11
66A8 0,1,2,3
66A9 0,1,2,11
66A9 0,1,2,3
66AB 0,1,2,11
66AB 0,1,2,3
66AC 0,1,2,11
66AC 0,1,2,3
66AD 0,1,2,11
66AD 0,1,2,3
66AE 0,1,2,11
66AE 0,1,2,3
66B0 0,1,2,11
66B0 0,1,2,3
66B3 0,1,2,11
66B3 0,1,2,3
66B4 0,1,2,11
66B4 0,1,2,3
66B6 0,1,2,11
66B6 0,1,2,3
66BA 0,1,2,11
66BA 0,1,2,3
66BD 0,1,2,11
66BD 0,1,2,3
66BE 0,1,2,11
66BE 0,1,2,3
6767 0,1,2,3
676A 0,1,2,12
676D 0,1,2,12
6794 0,1,2,3
6797 0,1,2,12
679A 0,1,2,12
67AF 0,1,2,3
67B2 0,1,2,12
67B5 0,1,2,12
67CA 0,1,2,11
67CA 0,1,2,12
67CA 0,1,2,3
67CB 0,1,2,11
67CB 0,1,2,12
67CB 0,1,2,3
67CE 0,1,2,11
67CE 0,1,2,12
67CE 0,1,2,3
67D0 0,1,2,3
67D1 0,1,2,3
67D4 0,1,2,11
67D4 0,1,2,12
67D4 0,1,2,3
67D7 0,1,2,11
67D7 0,1,2,12
67D7 0,1,2,3
67DA 0,1,2,11
67DA 0,1,2,12
67DA 0,1,2,3
67DC 0,1,2,11
67DC 0,1,2,12
67DC 0,1,2,3
67DE 0,1,2,11
67DE 0,1,2,12
67DE 0,1,2,3
67DF 0,1,2,11
67DF 0,1,2,12
67DF 0,1,2,3
67E0 0,1,2,11
67E0 0,1,2,12
67E0 0,1,2,3
6856 0,1,2,11
6856 0,1,2,12
6856 0,1,2,3
6859 0,1,2,11
6859 0,1,2,12
6859 0,1,2,3
685C 0,1,2,11
685C 0,1,2,12
685C 0,1,2,3
685D 0,1,2,11
685D 0,1,2,12
685D 0,1,2,3
6860 0,1,2,11
6860 0,1,2,12
6860 0,1,2,3
6863 0,1,2,11
6863 0,1,2,12
6863 0,1,2,3
6872 0,1,2,12
6872 0,1,2,3
6875 0,1,2,12
6875 0,1,2,3
6877 0,1,2,12
6879 0,1,2,12
687A 0,1,2,12
687C 0,1,2,12
687C 0,1,2,3
687E 0,1,2,12
687E 0,1,2,3
687F 0,1,2,12
687F 0,1,2,3
6881 0,1,2,12
6881 0,1,2,3
6884 0,1,2,12
6884 0,1,2,3
6885 0,1,2,12
6885 0,1,2,3
68A7 0,1,2,3
68AB 0,1,2,3
68AD 0,1,2,3
68AE 0,1,2,3
68B1 0,1,2,3
68B2 0,1,2,3
68B4 0,1,2,3
68B7 0,1,2,3
68BA 0,1,2,3
68BB 0,1,2,3
68BD 0,1,2,3
68C0 0,1,2,3
68C2 0,1,2,3
68C5 0,1,2,3
68C7 0,1,2,3
68CA 0,1,2,3
68CD 0,1,2,3
68CF 0,1,2,3
68D2 0,1,2,3
68D5 0,1,2,3
68D7 0,1,2,3
68DA 0,1,2,3
68DD 0,1,2,3
68DF 0,1,2,3
68E0 0,1,2,3
68E2 0,1,2,3
68E3 0,1,2,3
68E6 0,1,2,3
68E8 0,1,2,3
68EA 0,1,2,3
68ED 0,1,2,3
68EE 0,1,2,3
6978 0,4,5,6
697B 0,4,5,6
697E 0,4,5,6
6981 0,4,5,6
6983 0,4,5,6
6986 0,4,5,6
6989 0,4,5,6
698B 0,4,5,6
698E 0,1,2,3
698E 0,4,5,6
6991 0,1,2,12
6991 0,4,5,6
6993 0,4,5,6
6994 0,1,2,12
6996 0,4,5,6
6998 0,4,5,6
699B 0,4,5,6
699F 0,4,5,6
69A2 0,4,5,6
69A4 0,4,5,6
69A7 0,4,5,6
69AB 0,4,5,6
69AE 0,4,5,6
69B0 0,4,5,6
69B3 0,4,5,6
69B7 0,4,5,6
69BA 0,4,5,6
69BB 0,1,2,3
69BC 0,4,5,6
69BE 0,1,2,12
69BF 0,4,5,6
69C1 0,1,2,12
69C3 0,4,5,6
69C6 0,4,5,6
69C8 0,4,5,6
69CB 0,4,5,6
69CF 0,4,5,6
69D2 0,4,5,6
69D4 0,4,5,6
69D6 0,1,2,3
69D7 0,4,5,6
69D9 0,1,2,12
69DB 0,4,5,6
69DC 0,1,2,12
69DE 0,4,5,6
69E0 0,4,5,6
69E3 0,4,5,6
69E7 0,4,5,6
69EA 0,4,5,6
69EC 0,4,5,6
69EF 0,4,5,6
69F3 0,4,5,6
69F6 0,4,5,6
69F9 0,4,5,6
69FA 0,4,5,6
69FD 0,4,5,6
69FE 0,4,5,6
6A01 0,4,5,6
6A03 0,1,2,3
6A06 0,1,2,3
6A08 0,1,2,3
6A09 0,1,2,3
6A0C 0,1,2,3
6A0D 0,1,2,3
6A0E 0,1,2,3
6A11 0,1,2,3
6A13 0,1,2,3
6A15 0,1,2,3
6A18 0,1,2,3
6A1A 0,1,2,3
6A1D 0,1,2,3
6A23 0,1,2,3
6A23 0,4,5,6
6A25 0,1,2,3
6A26 0,4,5,6
6A28 0,1,2,3
6A29 0,1,2,3
6A29 0,4,5,6
6A2C 0,1,2,3
6A2C 0,4,5,6
6A2D 0,1,2,3
6A2F 0,4,5,6
6A30 0,4,5,6
6A32 0,4,5,6
6A35 0,4,5,6
6A37 0,4,5,6
6A39 0,4,5,6
6A3C 0,4,5,6
6A3D 0,4,5,6
6A40 0,4,5,6
6A44 0,4,5,6
6A47 0,4,5,6
6A4B 0,4,5,6
6A4E 0,4,5,6
6A51 0,4,5,6
6A53 0,4,5,6
6A57 0,4,5,6
6A58 0,4,5,6
6A5A 0,4,5,6
6A5B 0,4,5,6
6A5E 0,4,5,6
6A60 0,4,5,6
6A61 0,4,5,6
6A62 0,4,5,6
6A64 0,4,5,6
6A67 0,4,5,6
6A68 0,4,5,6
6A6A 0,4,5,6
6A6B 0,4,5,6
6A6C 0,4,5,6
6A6D 0,4,5,6
6A6E 0,4,5,6
6A6F 0,1,2,3
6A71 0,4,5,6
6A72 0,1,2,3
6A74 0,1,2,3
6A75 0,1,2,3
6A75 0,4,5,6
6A76 0,4,5,6
6A78 0,1,2,3
6A78 0,4,5,6
6A79 0,1,2,3
6A7A 0,1,2,3
6A7A 0,4,5,6
6A7D 0,1,2,3
6A7D 0,4,5,6
6A7E 0,4,5,6
6A7F 0,1,2,3
6A80 0,4,5,6
6A81 0,1,2,3
6A81 0,4,5,6
6A82 0,4,5,6
6A84 0,1,2,3
6A84 0,4,5,6
6A86 0,1,2,3
6A87 0,4,5,6
6A88 0,4,5,6
6A89 0,1,2,3
6A8A 0,4,5,6
6A8B 0,1,2,3
6A8B 0,4,5,6
6A8C 0,4,5,6
6A8D 0,1,2,3
6A8E 0,4,5,6
6A8F 0,1,2,3
6A91 0,4,5,6
6A93 0,1,2,3
6A94 0,4,5,6
6A96 0,1,2,3
6A97 0,4,5,6
6A98 0,1,2,3
6A99 0,1,2,3
6A9A 0,1,2,3
6A9A 0,4,5,6
6A9C 0,4,5,6
6A9D 0,1,2,3
6A9E 0,1,2,3
6A9F 0,4,5,6
6AA2 0,4,5,6
6AA6 0,4,5,6
6AA9 0,4,5,6
6AAA 0,4,5,6
6AAE 0,4,5,6
6ABC 0,4,5,6
6ABF 0,4,5,6
6AC1 0,4,5,6
6AC3 0,4,5,6
6AC5 0,4,5,6
6AC7 0,4,5,6
6AC8 0,4,5,6
6ACC 0,4,5,6
6ACE 0,4,5,6
6AD2 0,4,5,6
6AD4 0,4,5,6
6AD6 0,4,5,6
6AD7 0,4,5,6
6AD8 0,4,5,6
6AD9 0,4,5,6
6ADA 0,4,5,6
6ADB 0,4,5,6
6ADE 0,4,5,6
6AE1 0,4,5,6
6AE2 0,4,5,6
6AE3 0,4,5,6
6AE4 0,4,5,6
6AE5 0,4,5,6
6AE6 0,4,5,6
6AE7 0,4,5,6
6AE9 0,4,5,6
6AEB 0,1,2,3
6AEC 0,4,5,6
6AEE 0,4,5,6
6AEF 0,1,2,3
6AF0 0,4,5,6
6AF1 0,1,2,3
6AF1 0,4,5,6
6AF2 0,4,5,6
6AF3 0,4,5,6
6AF4 0,1,2,3
6AF4 0,4,5,6
6AF5 0,1,2,3
6AF5 0,4,5,6
6AF6 0,4,5,6
6AF8 0,1,2,3
6AF8 0,4,5,6
6AF9 0,1,2,3
6AFA 0,1,2,3
6AFB 0,4,5,6
6AFD 0,1,2,3
6AFD 0,4,5,6
6AFE 0,4,5,6
6B00 0,4,5,6
6B01 0,1,2,3
6B01 0,4,5,6
6B03 0,1,2,3
6B04 0,1,2,3
6B04 0,4,5,6
6B05 0,1,2,3
6B06 0,1,2,3
6B06 0,4,5,6
6B07 0,1,2,3
6B08 0,1,2,3
6B08 0,4,5,6
6B09 0,1,2,3
6B0A 0,1,2,3
6B0B 0,1,2,3
6B0C 0,1,2,3
6B0C 0,4,5,6
6B0D 0,1,2,3
6B0E 0,4,5,6
6B10 0,1,2,3
6B10 0,4,5,6
6B11 0,4,5,6
6B12 0,4,5,6
6B13 0,1,2,3
6B15 0,4,5,6
6B16 0,1,2,3
6B18 0,1,2,3
6B18 0,4,5,6
6B1A 0,1,2,3
6B1B 0,4,5,6
6B1C 0,1,2,3
6B1D 0,4,5,6
6B1E 0,1,2,3
6B20 0,1,2,3
6B20 0,4,5,6
6B23 0,4,5,6
6B26 0,4,5,6
6B2A 0,4,5,6
6B2B 0,4,5,6
6B2E 0,4,5,6
6B31 0,4,5,6
6B34 0,4,5,6
6B35 0,4,5,6
6B39 0,1,2,3
6B39 0,4,5,6
6B3C 0,1,2,3
6B3C 0,4,5,6
6B3D 0,1,2,3
6B3E 0,1,2,3
6B3F 0,4,5,6
6B40 0,4,5,6
6B41 0,1,2,3
6B41 0,4,5,6
6B43 0,1,2,3
6B43 0,4,5,6
6B44 0,4,5,6
6B45 0,1,2,3
6B45 0,4,5,6
6B46 0,4,5,6
6B47 0,4,5,6
6B48 0,1,2,3
6B48 0,4,5,6
6B49 0,4,5,6
6B4A 0,1,2,3
6B4B 0,1,2,3
6B4D 0,4,5,6
6B4F 0,1,2,3
6B50 0,1,2,3
6B50 0,4,5,6
6B51 0,1,2,3
6B54 0,1,2,3
6B54 0,4,5,6
6B56 0,1,2,3
6B57 0,1,2,3
6B58 0,1,2,3
6B58 0,4,5,6
6B59 0,1,2,3
6B5A 0,1,2,3
6B5B 0,1,2,3
6B5B 0,4,5,6
6B5C 0,1,2,3
6B5D 0,1,2,3
6B5E 0,1,2,3
6B5E 0,4,5,6
6B5F 0,1,2,3
6B5F 0,4,5,6
6B60 0,1,2,3
6B61 0,1,2,3
6B62 0,1,2,3
6B62 0,4,5,6
6B65 0,1,2,3
6B65 0,4,5,6
6B66 0,1,2,3
6B69 0,1,2,3
6B69 0,4,5,6
6B6A 0,4,5,6
6B6B 0,1,2,3
6B6C 0,1,2,3
6B6D 0,1,2,3
6B6D 0,4,5,6
6B6E 0,1,2,3
6B6F 0,1,2,3
6B70 0,1,2,3
6B71 0,1,2,3
6B71 0,4,5,6
6B73 0,1,2,3
6B74 0,4,5,6
6B76 0,1,2,3
6B76 0,4,5,6
6B77 0,1,2,3
6B78 0,1,2,3
6B79 0,4,5,6
6B7A 0,1,2,3
6B7A 0,4,5,6
6B7C 0,1,2,3
6B7D 0,4,5,6
6B7E 0,1,2,3
6B80 0,4,5,6
6B81 0,1,2,3
6B82 0,1,2,3
6B83 0,4,5,6
6B84 0,1,2,3
6B85 0,1,2,3
6B86 0,4,5,6
6B88 0,1,2,3
6B89 0,1,2,3
6B8A 0,4,5,6
6B8C 0,1,2,3
6B8D 0,4,5,6
6B8F 0,1,2,3
6B91 0,4,5,6
6B92 0,1,2,3
6B93 0,4,5,6
6B96 0,1,2,3
6B96 0,4,5,6
6B97 0,1,2,3
6B97 0,4,5,6
6B9A 0,1,2,3
6B9A 0,4,5,6
6B9D 0,1,2,3
6B9D 0,4,5,6
6B9E 0,1,2,3
6B9F 0,1,2,3
6BA0 0,1,2,3
6BA0 0,4,5,6
6BA1 0,1,2,3
6BA2 0,1,2,3
6BA2 0,4,5,6
6BA4 0,1,2,3
6BA4 0,4,5,6
6BA5 0,1,2,3
6BA8 0,1,2,3
6BA8 0,4,5,6
6BA9 0,4,5,6
6BAA 0,1,2,3
6BAC 0,1,2,3
6BAD 0,4,5,6
6BAE 0,1,2,3
6BBB 0,4,5,6
6BBF 0,4,5,6
6BC2 0,4,5,6
6BC6 0,4,5,6
6BC9 0,4,5,6
6BCD 0,1,2,12
6BCD 0,1,2,3
6BCD 0,4,5,6
6BCE 0,1,2,12
6BCE 0,1,2,3
6BD0 0,4,5,6
6BD1 0,1,2,12
6BD1 0,1,2,3
6BD1 0,4,5,6
6BD4 0,1,2,12
6BD4 0,1,2,3
6BD4 0,4,5,6
6BD5 0,1,2,12
6BD5 0,1,2,3
6BD5 0,4,5,6
6BD8 0,1,2,12
6BD8 0,1,2,3
6BD8 0,4,5,6
6BDB 0,1,2,12
6BDB 0,1,2,3
6BDB 0,4,5,6
6BDC 0,4,5,6
6BDD 0,1,2,12
6BDD 0,1,2,3
6BDE 0,1,2,12
6BDE 0,1,2,3
6BDE 0,4,5,6
6BE0 0,4,5,6
6BE1 0,1,2,12
6BE1 0,1,2,3
6BE4 0,1,2,12
6BE4 0,1,2,3
6BE4 0,4,5,6
6BE6 0,1,2,12
6BE6 0,1,2,3
6BE7 0,4,5,6
6BE8 0,1,2,3
6BE8 0,4,5,6
6BE9 0,1,2,3
6BEC 0,1,2,12
6BEC 0,1,2,3
6BEC 0,4,5,6
6BED 0,4,5,6
6BEF 0,1,2,12
6BEF 0,1,2,3
6BF0 0,4,5,6
6BF2 0,1,2,12
6BF2 0,1,2,3
6BF3 0,1,2,12
6BF3 0,4,5,6
6BF4 0,4,5,6
6BF6 0,1,2,12
6BF7 0,4,5,6
6BF9 0,1,2,12
6BFA 0,1,2,12
6BFA 0,4,5,6
6BFD 0,1,2,12
6BFE 0,4,5,6
6C00 0,1,2,12
6C00 0,4,5,6
6C03 0,4,5,6
6C04 0,4,5,6
6C05 0,4,5,6
6C08 0,4,5,6
6C0B 0,4,5,6
6C0E 0,4,5,6
6C0F 0,1,2,3
6C0F 0,4,5,6
6C12 0,1,2,3
6C12 0,4,5,6
6C14 0,1,2,3
6C15 0,4,5,6
6C18 0,1,2,3
6C18 0,4,5,6
6C1A 0,4,5,6
6C1B 0,1,2,3
6C1C 0,1,2,3
6C1C 0,4,5,6
6C1E 0,4,5,6
6C1F 0,1,2,3
6C21 0,1,2,3
6C23 0,1,2,3
6C26 0,1,2,3
6C27 0,1,2,3
6C2A 0,1,2,3
6C2D 0,1,2,11
6C2E 0,1,2,11
6C2E 0,4,5,6
6C2F 0,1,2,11
6C30 0,1,2,11
6C31 0,4,5,6
6C32 0,4,5,6
6C33 0,1,2,11
6C34 0,1,2,11
6C35 0,1,2,11
6C35 0,4,5,6
6C36 0,1,2,11
6C37 0,1,2,11
6C38 0,4,5,6
6C39 0,1,2,11
6C3B 0,4,5,6
6C3C 0,1,2,11
6C3E 0,4,5,6
6C3F 0,4,5,6
6C42 0,4,5,6
6C43 0,4,5,6
6C44 0,4,5,6
6C46 0,4,5,6
6C47 0,4,5,6
6C48 0,4,5,6
6C4D 0,4,5,6
6C4E 0,4,5,6
6C4F 0,4,5,6
6C52 0,4,5,6
6C55 0,4,5,6
6C58 0,4,5,6
6C5C 0,4,5,6
6C5D 0,4,5,6
6C60 0,4,5,6
6C62 0,4,5,6
6C64 0,4,5,6
6C68 0,4,5,6
6C69 0,4,5,6
6C6C 0,4,5,6
6C6F 0,4,5,6
6C70 0,4,5,6
6C73 0,4,5,6
6C76 0,4,5,6
6C79 0,4,5,6
6C7D 0,4,5,6
6C7F 0,4,5,6
6C83 0,4,5,6
6C85 0,4,5,6
6C89 0,4,5,6
6C9E 0,4,5,6
6C9F 0,4,5,6
6CA0 0,4,5,6
6CA3 0,4,5,6
6CA4 0,4,5,6
6CA5 0,4,5,6
6CA8 0,4,5,6
6CA9 0,4,5,6
6CAD 0,4,5,6
6CB1 0,4,5,6
6CB2 0,4,5,6
6CB6 0,4,5,6
6CB9 0,4,5,6
6CBA 0,4,5,6
6CBD 0,4,5,6
6CBE 0,4,5,6
6CBF 0,4,5,6
6CC0 0,4,5,6
6CC1 0,4,5,6
6CC2 0,4,5,6
6CC5 0,4,5,6
6CC8 0,4,5,6
6CCB 0,4,5,6
6CCF 0,4,5,6
6CD0 0,4,5,6
6CD4 0,4,5,6
6CD5 0,4,5,6
6CD8 0,4,5,6
6CD9 0,4,5,6
6CDA 0,4,5,6
6CDB 0,4,5,6
6CDD 0,4,5,6
6CE0 0,4,5,6
6CE1 0,4,5,6
6CE2 0,4,5,6
6CE5 0,4,5,6
6CE6 0,4,5,6
6CEA 0,4,5,6
6CEB 0,4,5,6
6CEE 0,4,5,6
6CF1 0,4,5,6
6CF2 0,4,5,6
6CF3 0,4,5,6
6CF4 0,4,5,6
6CF5 0,4,5,6
6CF6 0,4,5,6
6CF7 0,4,5,6
6CF8 0,4,5,6
6CFB 0,4,5,6
6CFE 0,4,5,6
6D9B 0,4,5,6
6D9C 0,4,5,6
6D9F 0,4,5,6
6DA2 0,4,5,6
6DA5 0,4,5,6
6DA8 0,4,5,6
6DAB 0,4,5,6
6DAE 0,4,5,6
6DB1 0,4,5,6
6DB4 0,4,5,6
6DB7 0,4,5,6
6DBA 0,4,5,6
6DBD 0,4,5,6
6DBF 0,4,5,6
6DC0 0,4,5,6
6DC2 0,4,5,6
6DC5 0,4,5,6
6DC7 0,4,5,6
6DC9 0,4,5,6
6DCB 0,4,5,6
6DCC 0,4,5,6
6DCE 0,4,5,6
6DD0 0,4,5,6
6DD1 0,4,5,6
6DD3 0,4,5,6
6DD4 0,4,5,6
6DD6 0,4,5,6
6DD9 0,4,5,6
6DDB 0,4,5,6
6DDC 0,4,5,6
6DDF 0,4,5,6
6DE0 0,4,5,6
6DE1 0,4,5,6
6DE3 0,4,5,6
6DE4 0,4,5,6
6DE5 0,4,5,6
6DE6 0,4,5,6
6DE7 0,4,5,6
6DE8 0,4,5,6
6E27 0,4,5,6
6E28 0,4,5,6
6E2B 0,1,2,3
6E2C 0,4,5,6
6E2D 0,4,5,6
6E2E 0,1,2,3
6E2F 0,4,5,6
6E30 0,1,2,3
6E32 0,1,2,3
6E32 0,4,5,6
6E33 0,4,5,6
6E34 0,4,5,6
6E35 0,1,14,15
6E35 0,4,5,6
6E38 0,1,14,15
6E38 0,4,5,6
6E39 0,4,5,6
6E3A 0,4,5,6
6E3B 0,1,14,15
6E3B 0,4,5,6
6E3C 0,4,5,6
6E3D 0,4,5,6
6E3E 0,1,14,15
6E3E 0,4,5,6
6E3F 0,1,14,15
6E41 0,4,5,6
6E42 0,1,2,3
6E43 0,1,2,3
6E43 0,4,5,6
6E46 0,4,5,6
6E48 0,4,5,6
6E4A 0,4,5,6
6E4C 0,4,5,6
6E4F 0,4,5,6
6E51 0,4,5,6
6E53 0,4,5,6
6E55 0,4,5,6
6E58 0,4,5,6
6E5A 0,4,5,6
6E5B 0,4,5,6
6E5C 0,4,5,6
6E5D 0,4,5,6
6E5F 0,4,5,6
6E60 0,4,5,6
6E63 0,4,5,6
6E65 0,4,5,6
6E66 0,4,5,6
6E68 0,4,5,6
6E6B 0,4,5,6
6E6E 0,4,5,6
6E70 0,4,5,6
6E72 0,4,5,6
6E75 0,4,5,6
6E76 0,1,2,3
6E76 0,4,5,6
6E79 0,1,2,3
6E79 0,4,5,6
6E7A 0,1,2,3
6E7C 0,4,5,6
6E7E 0,4,5,6
6E80 0,4,5,6
6E83 0,4,5,6
6E84 0,4,5,6
6E85 0,4,5,6
6E86 0,4,5,6
6E8A 0,4,5,6
6E8B 0,4,5,6
6E8E 0,4,5,6
6E91 0,4,5,6
6E92 0,4,5,6
6E94 0,4,5,6
6E95 0,4,5,6
6E99 0,1,2,3
6E99 0,4,5,6
6E9A 0,4,5,6
6E9B 0,4,5,6
6E9C 0,1,2,3
6E9E 0,4,5,6
6E9F 0,1,2,3
6EA1 0,4,5,6
6EA2 0,1,2,3
6EA2 0,4,5,6
6EA3 0,1,2,3
6EA4 0,4,5,6
6EA5 0,4,5,6
6EA6 0,1,2,3
6EA9 0,1,2,3
6EA9 0,4,5,6
6EAA 0,1,2,3
6EAA 0,4,5,6
6EAB 0,4,5,6
6EAD 0,1,2,3
6EAE 0,4,5,6
6EB0 0,1,2,3
6EB1 0,1,2,3
6EB1 0,4,5,6
6EB2 0,1,2,3
6EB2 0,4,5,6
6EB4 0,4,5,6
6EB5 0,1,2,3
6EB5 0,4,5,6
6EB6 0,1,2,3
6EB8 0,1,2,3
6EB9 0,4,5,6
6EBA 0,4,5,6
6EBB 0,1,2,3
6EBB 0,4,5,6
6EBD 0,1,2,3
6EBE 0,1,2,3
6EBE 0,4,5,6
6EBF 0,4,5,6
6EC1 0,1,2,3
6EC1 0,4,5,6
6EC2 0,1,2,3
6EC2 0,4,5,6
6EC3 0,1,2,3
6EC5 0,1,2,3
6EC5 0,4,5,6
6EC7 0,4,5,6
6EC8 0,1,2,3
6EC9 0,1,2,3
6ECA 0,1,2,3
6ECA 0,4,5,6
6ECB 0,4,5,6
6ECC 0,1,2,3
6ECC 0,4,5,6
6ECD 0,1,2,3
6ECD 0,4,5,6
6ECE 0,4,5,6
6ECF 0,1,2,3
6ED0 0,1,2,3
6ED1 0,4,5,6
6ED2 0,4,5,6
6ED3 0,1,2,3
6ED3 0,4,5,6
6ED4 0,1,2,3
6ED4 0,4,5,6
6ED5 0,1,2,3
6ED5 0,4,5,6
6ED6 0,1,2,3
6ED7 0,1,2,3
6ED8 0,4,5,6
6ED9 0,4,5,6
6EDA 0,1,14,15
6EDA 0,4,5,6
6EDB 0,4,5,6
6EDD 0,1,14,15
6EDE 0,4,5,6
6EE0 0,1,14,15
6EE0 0,4,5,6
6EE3 0,1,14,15
6EE3 0,4,5,6
6EE4 0,4,5,6
6EE6 0,1,14,15
6EE6 0,4,5,6
6EE7 0,1,14,15
6EE7 0,4,5,6
6EE8 0,4,5,6
6EE9 0,1,14,15
6EE9 0,4,5,6
6EEA 0,1,14,15
6EEA 0,4,5,6
6EEC 0,1,14,15
6EEC 0,4,5,6
6EED 0,1,14,15
6EEE 0,1,14,15
6EEF 0,1,14,15
6EEF 0,4,5,6
6EF0 0,1,14,15
6EF2 0,1,14,15
6EF3 0,4,5,6
6EF5 0,1,14,15
6EF5 0,4,5,6
6EF6 0,1,14,15
6EF6 0,4,5,6
6EF7 0,1,14,15
6EF8 0,1,14,15
6EF9 0,1,14,15
6EFA 0,1,14,15
6EFA 0,4,5,6
6EFB 0,1,14,15
6EFD 0,1,14,15
6EFE 0,1,14,15
6F01 0,1,2,3
6F01 0,4,5,6
6F02 0,1,2,3
6F04 0,4,5,6
6F05 0,1,2,3
6F05 0,4,5,6
6F06 0,1,2,3
6F07 0,4,5,6
6F09 0,1,2,3
6F09 0,4,5,6
6F0B 0,1,2,3
6F0C 0,4,5,6
6F10 0,4,5,6
6F12 0,4,5,6
6F13 0,4,5,6
6F16 0,4,5,6
6F17 0,4,5,6
6F18 0,1,2,3
6F18 0,4,5,6
6F19 0,1,2,3
6F1A 0,1,2,3
6F1A 0,4,5,6
6F1B 0,4,5,6
6F1C 0,4,5,6
6F1D 0,4,5,6
6F1E 0,4,5,6
6F21 0,4,5,6
6F22 0,4,5,6
6F24 0,4,5,6
6F27 0,4,5,6
6F2B 0,4,5,6
6F2C 0,4,5,6
6F2D 0,4,5,6
6F31 0,4,5,6
6F33 0,1,2,3
6F35 0,4,5,6
6F36 0,1,2,3
6F36 0,4,5,6
6F37 0,4,5,6
6F38 0,1,2,3
6F38 0,4,5,6
6F39 0,1,2,3
6F39 0,4,5,6
6F3C 0,1,2,3
6F3C 0,4,5,6
6F3D 0,1,2,3
6F3D 0,4,5,6
6F3E 0,1,2,3
6F3E 0,4,5,6
6F3F 0,4,5,6
6F40 0,1,2,3
6F40 0,4,5,6
6F41 0,1,2,3
6F43 0,1,2,3
6F43 0,4,5,6
6F44 0,1,2,3
6F45 0,1,2,3
6F46 0,1,2,3
6F47 0,4,5,6
6F48 0,4,5,6
6F49 0,1,2,3
6F49 0,4,5,6
6F4B 0,1,2,3
6F4D 0,1,2,3
6F4D 0,4,5,6
6F4F 0,1,2,3
6F51 0,1,2,3
6F53 0,1,2,3
6F57 0,1,2,3
6F58 0,1,2,3
6F58 0,4,5,6
6F59 0,1,2,3
6F59 0,4,5,6
6F5A 0,1,2,3
6F5A 0,4,5,6
6F5C 0,1,2,3
6F5D 0,1,2,3
6F5D 0,4,5,6
6F5E 0,1,2,3
6F5F 0,4,5,6
6F60 0,1,2,3
6F62 0,4,5,6
6F63 0,1,2,3
6F63 0,4,5,6
6F64 0,1,2,3
6F65 0,1,2,3
6F65 0,4,5,6
6F68 0,1,2,3
6F68 0,4,5,6
6F69 0,1,2,3
6F69 0,4,5,6
6F6B 0,4,5,6
6F6C 0,4,5,6
6F6D 0,4,5,6
6F6E 0,4,5,6
6F6F 0,4,5,6
6F72 0,4,5,6
6F7A 0,1,2,3
6F7D 0,1,2,3
6F7E 0,1,2,3
6F80 0,1,2,3
6F83 0,1,2,3
6F85 0,1,2,3
6F88 0,1,2,3
6F88 0,4,5,6
6F89 0,4,5,6
6F8B 0,1,2,3
6F8C 0,1,2,3
6F8D 0,4,5,6
6F8E 0,4,5,6
6F8F 0,4,5,6
6F93 0,4,5,6
6F94 0,4,5,6
6F95 0,4,5,6
6F98 0,4,5,6
6F9A 0,1,2,3
6F9A 0,4,5,6
6F9D 0,1,2,3
6F9D 0,4,5,6
6F9E 0,4,5,6
6F9F 0,1,2,3
6F9F 0,4,5,6
6FA0 0,1,2,3
6FA1 0,1,2,3
6FA2 0,1,2,3
6FA3 0,4,5,6
6FA4 0,4,5,6
6FA5 0,1,2,3
6FA5 0,4,5,6
6FA6 0,1,2,3
6FA8 0,1,2,3
6FA8 0,4,5,6
6FA9 0,4,5,6
6FAA 0,4,5,6
6FAB 0,1,2,3
6FAB 0,4,5,6
6FAC 0,1,2,3
6FAC 0,4,5,6
6FAD 0,1,2,3
6FAF 0,4,5,6
6FB0 0,1,2,3
6FB2 0,4,5,6
6FB3 0,1,2,3
6FB3 0,4,5,6
6FB4 0,4,5,6
6FB5 0,4,5,6
6FB6 0,1,2,3
6FB8 0,1,2,3
6FB8 0,4,5,6
6FB9 0,1,2,3
6FB9 0,4,5,6
6FBC 0,1,2,3
6FBC 0,4,5,6
6FBD 0,1,2,3
6FBD 0,4,5,6
6FBE 0,1,2,3
6FBE 0,4,5,6
6FBF 0,1,2,3
6FC1 0,1,2,3
6FC1 0,4,5,6
6FC2 0,1,2,3
6FC5 0,1,2,3
6FC5 0,4,5,6
6FC6 0,4,5,6
6FC7 0,4,5,6
6FC8 0,1,2,3
6FCA 0,4,5,6
6FCB 0,1,2,3
6FCC 0,1,2,3
6FCD 0,1,2,3
6FCD 0,4,5,6
6FD0 0,1,2,3
6FD0 0,4,5,6
6FD1 0,1,2,3
6FD1 0,4,5,6
6FD2 0,4,5,6
6FD4 0,1,2,3
6FD5 0,4,5,6
6FD7 0,1,2,3
6FD8 0,4,5,6
6FD9 0,4,5,6
6FDA 0,1,2,3
6FDA 0,4,5,6
6FDB 0,4,5,6
6FDD 0,1,2,3
6FDE 0,4,5,6
6FDF 0,4,5,6
6FE0 0,1,2,3
6FE0 0,4,5,6
6FE2 0,4,5,6
6FE3 0,1,2,3
6FE5 0,1,2,3
6FE5 0,4,5,6
6FE6 0,4,5,6
6FE7 0,4,5,6
6FE8 0,1,2,3
6FE8 0,4,5,6
6FE9 0,4,5,6
6FEA 0,1,2,3
6FEA 0,4,5,6
6FEB 0,4,5,6
6FEC 0,4,5,6
6FED 0,1,2,3
6FED 0,4,5,6
6FEE 0,1,2,3
6FEE 0,4,5,6
6FF1 0,1,2,3
6FF2 0,4,5,6
6FF3 0,4,5,6
6FF4 0,4,5,6
6FF5 0,4,5,6
6FF8 0,4,5,6
6FF9 0,4,5,6
6FFA 0,4,5,6
6FFC 0,4,5,6
6FFF 0,4,5,6
7001 0,4,5,6
7002 0,4,5,6
7003 0,4,5,6
7007 0,4,5,6
7008 0,4,5,6
7009 0,4,5,6
700B 0,4,5,6
700C 0,4,5,6
700D 0,4,5,6
700E 0,1,2,3
700E 0,4,5,6
7011 0,1,2,3
7011 0,4,5,6
7012 0,1,2,3
7013 0,1,2,3
7013 0,4,5,6
7016 0,1,2,3
7016 0,4,5,6
7017 0,1,2,3
7018 0,1,2,3
7019 0,1,2,3
7019 0,4,5,6
701A 0,1,2,3
701B 0,4,5,6
701D 0,1,2,3
701D 0,4,5,6
701E 0,1,2,3
7020 0,4,5,6
7021 0,1,2,3
7023 0,1,2,3
7024 0,4,5,6
7025 0,1,2,3
7027 0,1,2,3
7028 0,4,5,6
7029 0,4,5,6
702D 0,4,5,6
702E 0,4,5,6
702F 0,4,5,6
7031 0,4,5,6
7033 0,4,5,6
7035 0,4,5,6
7038 0,4,5,6
7039 0,4,5,6
703B 0,1,2,3
703B 0,4,5,6
703C 0,1,2,3
703C 0,4,5,6
703E 0,1,2,3
703F 0,4,5,6
7041 0,1,2,3
7043 0,1,2,3
7043 0,4,5,6
7046 0,1,2,3
7049 0,1,2,3
704A 0,1,2,3
704A 0,4,5,6
704B 0,1,2,3
704D 0,4,5,6
7050 0,4,5,6
7051 0,4,5,6
7054 0,4,5,6
7057 0,4,5,6
7059 0,1,2,3
705A 0,4,5,6
705B 0,1,2,3
705D 0,1,2,3
705D 0,4,5,6
705E 0,4,5,6
705F 0,1,2,3
7060 0,4,5,6
7062 0,1,2,3
7062 0,4,5,6
7063 0,1,2,3
7064 0,1,2,3
7065 0,1,2,3
7065 0,4,5,6
7067 0,1,2,3
7068 0,1,2,3
7068 0,4,5,6
7069 0,1,2,3
706A 0,1,2,3
706B 0,4,5,6
706D 0,1,2,3
706E 0,4,5,6
7070 0,1,2,3
7071 0,4,5,6
7073 0,1,2,3
7074 0,4,5,6
7075 0,1,2,3
7075 0,4,5,6
7076 0,4,5,6
7077 0,4,5,6
707A 0,4,5,6
707B 0,4,5,6
707C 0,4,5,6
707D 0,4,5,6
707E 0,4,5,6
7081 0,4,5,6
7082 0,4,5,6
7083 0,4,5,6
7084 0,4,5,6
7085 0,4,5,6
7086 0,4,5,6
7087 0,4,5,6
7088 0,1,2,3
7089 0,4,5,6
708A 0,4,5,6
708B 0,1,2,3
708C 0,1,2,3
708D 0,4,5,6
708E 0,1,2,3
708F 0,4,5,6
7090 0,4,5,6
7091 0,1,2,3
7092 0,4,5,6
7093 0,4,5,6
7094 0,1,2,3
7096 0,4,5,6
7097 0,1,2,3
7098 0,1,2,3
7098 0,4,5,6
709A 0,1,2,3
709A 0,4,5,6
709C 0,4,5,6
709D 0,1,2,3
709E 0,1,2,3
709E 0,4,5,6
709F 0,1,2,3
70A1 0,4,5,6
70A2 0,1,2,3
70A2 0,4,5,6
70A3 0,1,2,3
70A4 0,4,5,6
70A5 0,1,2,3
70A7 0,4,5,6
70A8 0,1,2,3
70A8 0,4,5,6
70AA 0,4,5,6
70AB 0,1,2,3
70AB 0,4,5,6
70AD 0,4,5,6
70AE 0,1,2,3
70AE 0,4,5,6
70B0 0,1,2,3
70B0 0,4,5,6
70B1 0,1,2,3
70B2 0,4,5,6
70B4 0,1,14,15
70B5 0,4,5,6
70B6 0,4,5,6
70B7 0,1,14,15
70B8 0,4,5,6
70BA 0,1,14,15
70BB 0,4,5,6
70BC 0,4,5,6
70BD 0,1,14,15
70BF 0,4,5,6
70C0 0,1,14,15
70C1 0,4,5,6
70C2 0,4,5,6
70C3 0,1,14,15
70C4 0,1,14,15
70C4 0,4,5,6
70C5 0,1,14,15
70C7 0,1,14,15
70C7 0,4,5,6
70C8 0,4,5,6
70C9 0,1,14,15
70CA 0,1,14,15
70CA 0,4,5,6
70CD 0,1,14,15
70CD 0,4,5,6
70CE 0,1,14,15
70CF 0,4,5,6
70D0 0,4,5,6
70D1 0,1,14,15
70D2 0,1,14,15
70D2 0,4,5,6
70D4 0,1,14,15
70D5 0,4,5,6
70D6 0,1,14,15
70D6 0,4,5,6
70D8 0,4,5,6
70DA 0,1,14,15
70DB 0,4,5,6
70DD 0,1,14,15
70DD 0,4,5,6
70DE 0,1,14,15
70DE 0,4,5,6
70E0 0,1,14,15
70E0 0,4,5,6
70E1 0,1,14,15
70E2 0,1,14,15
70E3 0,1,14,15
70E3 0,4,5,6
70E4 0,1,14,15
70E4 0,4,5,6
70E5 0,1,14,15
70E6 0,4,5,6
70E7 0,1,14,15
70E8 0,1,14,15
70E9 0,4,5,6
70EA 0,1,14,15
70EA 0,4,5,6
70ED 0,4,5,6
70EE 0,4,5,6
70F1 0,4,5,6
70F2 0,1,14,15
70F3 0,1,14,15
70F4 0,4,5,6
70F5 0,4,5,6
70F6 0,1,2,3
70F7 0,1,2,3
70F8 0,4,5,6
70F9 0,4,5,6
70FA 0,1,2,3
70FB 0,1,2,3
70FC 0,1,2,3
70FC 0,4,5,6
70FF 0,1,2,3
70FF 0,4,5,6
7100 0,4,5,6
7102 0,1,2,3
7103 0,4,5,6
7104 0,4,5,6
7105 0,1,2,3
7106 0,1,2,3
7107 0,4,5,6
7108 0,1,2,3
710A 0,4,5,6
710B 0,1,2,3
710B 0,4,5,6
710C 0,1,2,3
710C 0,4,5,6
710D 0,1,2,3
710D 0,4,5,6
710E 0,4,5,6
7110 0,1,2,3
7111 0,4,5,6
7113 0,1,2,3
7113 0,4,5,6
7116 0,1,2,3
7116 0,4,5,6
7117 0,4,5,6
7119 0,1,2,3
7119 0,4,5,6
711A 0,4,5,6
711C 0,1,2,3
711C 0,4,5,6
711D 0,4,5,6
711E 0,1,2,3
711F 0,1,2,3
7122 0,1,14,15
7125 0,1,14,15
7128 0,1,14,15
712A 0,4,5,6
712B 0,1,14,15
712D 0,4,5,6
712E 0,1,14,15
7130 0,4,5,6
7131 0,1,14,15
7132 0,1,14,15
7133 0,4,5,6
7136 0,4,5,6
7137 0,4,5,6
7139 0,1,14,15
713A 0,1,14,15
713B 0,4,5,6
713D 0,1,14,15
713E 0,4,5,6
7140 0,1,14,15
7141 0,1,14,15
7141 0,4,5,6
7142 0,1,14,15
7143 0,1,14,15
7144 0,4,5,6
7145 0,4,5,6
7146 0,1,14,15
7147 0,1,14,15
7148 0,1,14,15
7149 0,1,14,15
7149 0,4,5,6
714A 0,1,14,15
714A 0,4,5,6
714B 0,1,14,15
714C 0,4,5,6
714D 0,1,14,15
714F 0,1,14,15
7150 0,4,5,6
7151 0,1,14,15
7151 0,4,5,6
7152 0,1,14,15
7152 0,4,5,6
7153 0,1,14,15
7153 0,4,5,6
7154 0,1,14,15
7154 0,4,5,6
7155 0,4,5,6
7156 0,1,14,15
7157 0,1,14,15
7158 0,1,14,15
7159 0,1,14,15
7159 0,4,5,6
715A 0,1,14,15
715A 0,4,5,6
715B 0,1,14,15
715C 0,1,14,15
715C 0,4,5,6
715F 0,1,14,15
7160 0,1,14,15
7160 0,4,5,6
7161 0,1,14,15
7161 0,4,5,6
7162 0,1,14,15
7162 0,4,5,6
7163 0,1,14,15
7163 0,4,5,6
7164 0,1,14,15
7164 0,4,5,6
7165 0,1,14,15
7166 0,1,14,15
7168 0,1,14,15
7168 0,4,5,6
7169 0,4,5,6
716A 0,4,5,6
716C 0,4,5,6
7170 0,4,5,6
7171 0,4,5,6
7172 0,4,5,6
7173 0,4,5,6
7176 0,4,5,6
7177 0,4,5,6
717B 0,4,5,6
717C 0,4,5,6
717E 0,4,5,6
7182 0,4,5,6
7183 0,4,5,6
7184 0,4,5,6
7185 0,4,5,6
7186 0,4,5,6
7187 0,4,5,6
718B 0,4,5,6
718C 0,4,5,6
718E 0,4,5,6
7192 0,4,5,6
7193 0,4,5,6
7194 0,4,5,6
7195 0,4,5,6
7196 0,4,5,6
719A 0,4,5,6
719B 0,4,5,6
719C 0,4,5,6
719E 0,1,2,3
719E 0,4,5,6
71A1 0,1,2,3
71A2 0,1,2,3
71A2 0,4,5,6
71A3 0,1,2,3
71A3 0,4,5,6
71A4 0,4,5,6
71A5 0,1,2,3
71A5 0,4,5,6
71A6 0,1,2,3
71A8 0,4,5,6
71A9 0,4,5,6
71AD 0,4,5,6
71AE 0,4,5,6
71B0 0,4,5,6
71B4 0,4,5,6
71B5 0,4,5,6
71B6 0,4,5,6
71B7 0,4,5,6
71B8 0,4,5,6
71B9 0,4,5,6
71BD 0,4,5,6
71BE 0,4,5,6
71C0 0,4,5,6
71C4 0,4,5,6
71C5 0,4,5,6
71C6 0,4,5,6
71C7 0,4,5,6
71C8 0,4,5,6
71CC 0,4,5,6
71CD 0,4,5,6
71CE 0,4,5,6
71D0 0,4,5,6
71D4 0,4,5,6
71D5 0,4,5,6
71D6 0,4,5,6
71D7 0,4,5,6
71DA 0,4,5,6
71DB 0,4,5,6
71DF 0,4,5,6
71E0 0,4,5,6
71E2 0,4,5,6
71E6 0,4,5,6
71E7 0,4,5,6
71E8 0,4,5,6
71E9 0,4,5,6
71EA 0,4,5,6
71EB 0,4,5,6
71EF 0,4,5,6
71F0 0,4,5,6
71F2 0,4,5,6
71F6 0,4,5,6
71F7 0,4,5,6
71F8 0,4,5,6
71F9 0,4,5,6
71FA 0,4,5,6
71FE 0,4,5,6
71FF 0,4,5,6
7200 0,4,5,6
7202 0,4,5,6
7206 0,4,5,6
7207 0,4,5,6
7208 0,4,5,6
7209 0,4,5,6
720C 0,4,5,6
720D 0,4,5,6
7211 0,4,5,6
7212 0,4,5,6
7214 0,4,5,6
7218 0,4,5,6
7219 0,4,5,6
721A 0,4,5,6
721B 0,4,5,6
721C 0,4,5,6
721D 0,4,5,6
7221 0,4,5,6
7222 0,4,5,6
7224 0,4,5,6
7228 0,4,5,6
7229 0,4,5,6
722A 0,4,5,6
722B 0,4,5,6
722C 0,4,5,6
7230 0,4,5,6
7231 0,4,5,6
7232 0,4,5,6
7234 0,4,5,6
7238 0,4,5,6
7239 0,4,5,6
723A 0,4,5,6
723B 0,4,5,6
723C 0,4,5,6
723E 0,4,5,6
7241 0,4,5,6
7243 0,4,5,6
7244 0,4,5,6
7245 0,4,5,6
7247 0,4,5,6
7248 0,4,5,6
7249 0,4,5,6
724A 0,4,5,6
724D 0,4,5,6
724F 0,4,5,6
7250 0,4,5,6
7251 0,4,5,6
7253 0,4,5,6
7254 0,4,5,6
7255 0,4,5,6
7256 0,4,5,6
7259 0,4,5,6
725B 0,4,5,6
725C 0,4,5,6
725D 0,4,5,6
725F 0,4,5,6
7260 0,4,5,6
7261 0,4,5,6
7262 0,4,5,6
7265 0,4,5,6
7267 0,4,5,6
7268 0,4,5,6
7269 0,4,5,6
726B 0,4,5,6
726C 0,4,5,6
726D 0,4,5,6
726E 0,4,5,6
7271 0,4,5,6
7273 0,4,5,6
7274 0,4,5,6
7275 0,4,5,6
7277 0,4,5,6
7278 0,4,5,6
7279 0,4,5,6
727A 0,4,5,6
727D 0,4,5,6
727E 0,4,5,6
727F 0,4,5,6
7281 0,4,5,6
7282 0,4,5,6
7285 0,4,5,6
7287 0,4,5,6
7288 0,4,5,6
728B 0,4,5,6
728D 0,4,5,6
728E 0,4,5,6
7292 0,4,5,6
7295 0,4,5,6
7298 0,4,5,6
729C 0,4,5,6
729E 0,4,5,6
72A1 0,4,5,6
72A2 0,4,5,6
72A3 0,4,5,6
72A7 0,4,5,6
72A9 0,4,5,6
72AC 0,4,5,6
72AD 0,4,5,6
72AE 0,4,5,6
72B2 0,4,5,6
72B4 0,4,5,6
72B7 0,4,5,6
72B8 0,4,5,6
72B9 0,4,5,6
72BB 0,1,2,3
72BD 0,4,5,6
72BE 0,1,2,3
72BF 0,1,2,3
72BF 0,4,5,6
72C0 0,1,2,3
72C2 0,1,2,3
72C2 0,4,5,6
72C3 0,1,2,3
72C3 0,4,5,6
72C4 0,1,2,3
72C4 0,4,5,6
72C5 0,1,2,3
72C7 0,1,2,3
72C8 0,4,5,6
72C9 0,1,2,3
72CA 0,1,2,3
72CA 0,4,5,6
72CC 0,1,2,3
72CD 0,1,2,3
72CD 0,4,5,6
72CE 0,1,2,3
72CE 0,4,5,6
72CF 0,4,5,6
72D0 0,1,2,3
72D2 0,1,2,3
72D3 0,4,5,6
72D4 0,1,2,3
72D5 0,4,5,6
72D6 0,1,2,3
72D8 0,4,5,6
72D9 0,1,2,3
72D9 0,4,5,6
72DA 0,1,2,3
72DA 0,4,5,6
72DC 0,1,2,3
72DD 0,1,2,3
72DE 0,4,5,6
72DF 0,1,2,3
72E0 0,4,5,6
72E1 0,1,2,3
72E3 0,1,2,3
72E3 0,4,5,6
72E4 0,4,5,6
72E5 0,4,5,6
72E6 0,1,2,3
72E9 0,1,2,3
72E9 0,4,5,6
72EB 0,1,2,3
72EB 0,4,5,6
72EE 0,1,2,3
72EE 0,4,5,6
72EF 0,4,5,6
72F0 0,4,5,6
72F1 0,1,2,3
72F2 0,1,2,3
72F3 0,1,2,3
72F4 0,4,5,6
72F6 0,1,2,3
72F6 0,4,5,6
72F7 0,1,2,3
72F9 0,1,2,3
72F9 0,4,5,6
72FA 0,4,5,6
72FB 0,1,2,3
72FB 0,4,5,6
72FC 0,1,2,3
72FF 0,1,2,3
72FF 0,4,5,6
7301 0,4,5,6
7302 0,1,2,3
7304 0,1,2,3
7304 0,4,5,6
7305 0,4,5,6
7306 0,4,5,6
7307 0,1,2,3
730A 0,1,2,3
730A 0,4,5,6
730B 0,1,2,3
730C 0,1,2,3
730C 0,4,5,6
730F 0,1,2,3
730F 0,4,5,6
7310 0,4,5,6
7311 0,1,2,3
7311 0,4,5,6
7313 0,1,2,3
7315 0,4,5,6
7317 0,1,2,3
7317 0,4,5,6
7318 0,1,2,3
7319 0,1,2,3
731A 0,1,2,3
731A 0,4,5,6
731B 0,1,2,3
731B 0,4,5,6
731C 0,4,5,6
731D 0,1,2,3
731F 0,1,2,3
7320 0,1,2,3
7320 0,4,5,6
7322 0,1,2,3
7322 0,4,5,6
7325 0,1,2,3
7325 0,4,5,6
7326 0,4,5,6
7327 0,1,2,3
7327 0,4,5,6
7328 0,1,2,3
732B 0,1,2,3
732B 0,4,5,6
732D 0,1,2,3
732D 0,4,5,6
7330 0,1,2,3
7330 0,4,5,6
7331 0,4,5,6
7332 0,4,5,6
7333 0,1,2,3
7334 0,1,2,3
7335 0,1,2,3
7336 0,4,5,6
7337 0,1,2,3
7338 0,4,5,6
733B 0,4,5,6
733C 0,1,2,3
733C 0,4,5,6
733D 0,4,5,6
733E 0,1,2,3
733F 0,1,2,3
7340 0,1,2,3
7341 0,4,5,6
7342 0,4,5,6
7343 0,1,2,3
7345 0,1,2,3
7345 0,4,5,6
7346 0,4,5,6
7347 0,4,5,6
7348 0,1,2,3
7348 0,4,5,6
7349 0,1,2,3
734A 0,4,5,6
734C 0,1,2,3
734D 0,1,2,3
734D 0,4,63,6
734E 0,4,63,6
734F 0,4,63,6
7350 0,1,2,3
7351 0,4,63,6
7352 0,1,2,3
7354 0,4,5,6
7355 0,1,2,3
7355 0,4,5,6
7356 0,1,2,3
7357 0,1,2,3
7358 0,1,2,3
7358 0,4,5,6
735A 0,1,2,3
735A 0,4,5,6
735C 0,4,5,6
735E 0,4,5,6
7361 0,4,5,6
7362 0,4,5,6
7363 0,4,5,6
7364 0,4,5,6
7365 0,4,5,6
7368 0,4,5,6
736B 0,4,5,6
736E 0,4,5,6
7370 0,4,5,6
7372 0,4,5,6
7374 0,4,5,6
7377 0,4,5,6
7378 0,4,5,6
7379 0,4,5,6
737A 0,4,5,6
737B 0,4,5,6
737E 0,4,5,6
7381 0,4,5,6
7384 0,4,5,6
7386 0,4,5,6
7388 0,4,5,6
738A 0,4,5,6
738D 0,4,5,6
738E 0,4,5,6
738F 0,4,5,6
7390 0,4,5,6
7391 0,4,5,6
7394 0,4,5,6
7397 0,4,5,6
739A 0,4,5,6
739C 0,4,5,6
739D 0,4,5,6
739F 0,4,5,6
73A2 0,4,5,6
73A3 0,4,5,6
73A4 0,4,5,6
73A5 0,4,5,6
73A6 0,4,5,6
73A9 0,4,5,6
73AB 0,4,5,6
73AE 0,4,63,6
73AF 0,4,63,6
73B2 0,4,63,6
73B4 0,4,63,6
73B5 0,4,63,6
73B6 0,4,63,6
73B7 0,4,63,6
73B8 0,4,63,6
73BA 0,4,63,6
73BD 0,4,63,6
73C0 0,4,63,6
73C1 0,4,63,6
73C2 0,4,63,6
73C4 0,4,63,6
73C7 0,4,5,6
7436 0,1,2,3
7439 0,1,2,3
743B 0,1,2,3
7442 0,1,2,3
7446 0,1,2,3
7448 0,1,2,3
744B 0,1,2,3
744C 0,1,2,3
744E 0,1,2,3
7450 0,1,2,3
7453 0,1,2,3
7456 0,1,2,3
7458 0,1,2,3
745B 0,1,2,3
745E 0,1,2,3
7460 0,1,2,3
7463 0,1,2,3
7465 0,1,2,3
7467 0,1,2,3
746B 0,1,2,3
746E 0,1,2,3
7470 0,1,2,3
7472 0,1,2,3
7473 0,1,2,3
7477 0,1,2,3
7479 0,1,2,3
747C 0,1,2,3
747D 0,1,2,3
747F 0,1,2,3
7481 0,1,2,3
7483 0,1,2,3
7486 0,1,2,3
7488 0,1,2,3
748C 0,1,2,3
748F 0,1,2,3
7491 0,1,2,3
7493 0,1,2,3
7494 0,1,2,3
7497 0,1,2,3
749A 0,1,2,3
749D 0,1,2,3
74A0 0,1,2,3
74A1 0,1,2,3
74B4 0,1,2,12
74B4 0,1,2,3
74B7 0,1,2,12
74B7 0,1,2,3
74BA 0,1,2,12
74BA 0,1,2,3
74BC 0,1,2,12
74BC 0,1,2,3
74BE 0,1,2,12
74BE 0,1,2,3
74C0 0,1,2,12
74C0 0,1,2,3
74C1 0,1,2,12
74C1 0,1,2,3
74C3 0,1,2,12
74C3 0,1,2,3
74C4 0,1,2,12
74C4 0,1,2,3
74C5 0,1,2,12
74C5 0,1,2,3
74C8 0,1,2,12
74C8 0,1,2,3
74CB 0,1,2,12
74CB 0,1,2,3
74CC 0,1,2,12
74CC 0,1,2,3
74CE 0,1,2,12
74CE 0,1,2,3
74D0 0,1,2,12
74D0 0,1,2,3
74D4 0,1,2,12
74D4 0,1,2,3
74D7 0,1,2,12
74D7 0,1,2,3
74D8 0,1,2,12
74D8 0,1,2,3
74DA 0,1,2,12
74DA 0,1,2,3
74DB 0,1,2,12
74DB 0,1,2,3
74DC 0,1,2,12
74DC 0,1,2,3
74DF 0,1,2,12
74DF 0,1,2,3
74E0 0,1,2,12
74E0 0,1,2,3
74E3 0,1,2,12
74E3 0,1,2,3
74E4 0,1,2,12
74E4 0,1,2,3
74E5 0,1,2,12
74E5 0,1,2,3
74E8 0,1,2,12
74E8 0,1,2,3
74E9 0,1,2,12
74E9 0,1,2,3
74EA 0,1,2,12
74EA 0,1,2,3
74ED 0,1,2,12
74ED 0,1,2,3
74EF 0,1,2,12
74EF 0,1,2,3
74F0 0,1,2,12
74F0 0,1,2,3
74F1 0,1,2,12
74F1 0,1,2,3
74F3 0,1,2,12
74F3 0,1,2,3
74F5 0,1,2,12
74F5 0,1,2,3
74F6 0,1,2,12
74F6 0,1,2,3
74F7 0,1,2,12
74F7 0,1,2,3
74FA 0,1,2,12
74FA 0,1,2,3
74FC 0,1,2,12
74FC 0,1,2,3
74FF 0,1,2,12
74FF 0,1,2,3
7500 0,1,2,12
7500 0,1,2,3
7501 0,1,2,12
7501 0,1,2,3
7502 0,1,2,12
7502 0,1,2,3
7503 0,1,2,12
7503 0,1,2,3
7504 0,1,2,12
7504 0,1,2,3
7505 0,1,2,12
7505 0,1,2,3
7506 0,1,2,12
7506 0,1,2,3
7507 0,1,2,12
7507 0,1,2,3
7508 0,1,2,12
7508 0,1,2,3
7509 0,1,2,12
7509 0,1,2,3
750A 0,1,2,12
750A 0,1,2,3
750B 0,1,2,12
750B 0,1,2,3
750C 0,1,2,12
750C 0,1,2,3
7510 0,1,2,12
7510 0,1,2,3
7511 0,1,2,12
7511 0,1,2,3
7512 0,1,2,12
7512 0,1,2,3
7513 0,1,2,12
7513 0,1,2,3
7517 0,1,2,12
7517 0,1,2,3
7518 0,1,2,12
7518 0,1,2,3
7519 0,1,2,12
7519 0,1,2,3
751A 0,1,2,12
751A 0,1,2,3
751B 0,1,2,12
751B 0,1,2,3
751C 0,1,2,12
751C 0,1,2,3
751E 0,1,2,12
751E 0,1,2,3
751F 0,1,2,12
751F 0,1,2,3
7521 0,1,2,12
7521 0,1,2,3
7531 0,1,2,12
7531 0,1,2,3
7534 0,1,2,12
7534 0,1,2,3
7536 0,1,10,15
7536 0,1,2,12
7536 0,1,2,3
7539 0,1,10,15
7539 0,1,2,12
7539 0,1,2,3
753A 0,1,10,15
753A 0,1,2,12
753A 0,1,2,3
753D 0,1,10,15
753D 0,1,2,12
753D 0,1,2,3
753F 0,1,10,15
753F 0,1,2,12
753F 0,1,2,3
755E 0,1,10,15
755E 0,1,2,12
755E 0,1,2,3
7560 0,1,10,15
7560 0,1,2,12
7560 0,1,2,3
7561 0,1,10,15
7561 0,1,2,12
7561 0,1,2,3
7563 0,1,10,15
7563 0,1,2,12
7563 0,1,2,3
7565 0,1,10,15
7565 0,1,2,12
7565 0,1,2,3
7568 0,1,10,15
7568 0,1,2,12
7568 0,1,2,3
7569 0,1,10,15
7569 0,1,2,12
7569 0,1,2,3
756A 0,1,10,15
756A 0,1,2,12
756A 0,1,2,3
756B 0,1,10,15
756B 0,1,2,12
756B 0,1,2,3
756C 0,1,10,15
756C 0,1,2,12
756C 0,1,2,3
756D 0,1,10,15
756D 0,1,2,12
756D 0,1,2,3
756E 0,1,10,15
756E 0,1,2,12
756E 0,1,2,3
756F 0,1,10,15
756F 0,1,2,12
756F 0,1,2,3
7572 0,1,10,15
7572 0,1,2,12
7572 0,1,2,3
7573 0,1,10,15
7573 0,1,2,12
7573 0,1,2,3
7576 0,1,10,15
7576 0,1,2,12
7576 0,1,2,3
7579 0,1,10,15
7579 0,1,2,12
7579 0,1,2,3
757A 0,1,10,15
757A 0,1,2,12
757A 0,1,2,3
757D 0,1,10,15
757D 0,1,2,12
757D 0,1,2,3
7581 0,1,10,15
7581 0,1,2,12
7581 0,1,2,3
7584 0,1,10,15
7584 0,1,2,12
7584 0,1,2,3
7585 0,1,10,15
7585 0,1,2,12
7585 0,1,2,3
7588 0,1,10,15
7588 0,1,2,12
7588 0,1,2,3
758B 0,1,10,15
758B 0,1,2,12
758B 0,1,2,3
758C 0,1,10,15
758C 0,1,2,12
758C 0,1,2,3
758F 0,1,10,15
758F 0,1,2,12
758F 0,1,2,3
7593 0,1,10,15
7593 0,1,2,12
7593 0,1,2,3
7594 0,1,2,12
7594 0,1,2,3
7597 0,1,2,12
7597 0,1,2,3
7598 0,1,2,12
7598 0,1,2,3
759A 0,1,2,12
759A 0,1,2,3
759D 0,1,2,12
759D 0,1,2,3
75A0 0,1,2,12
75A0 0,1,2,3
75A3 0,1,2,12
75A3 0,1,2,3
75A6 0,1,2,12
75A6 0,1,2,3
75A8 0,1,2,12
75A8 0,1,2,3
75AB 0,1,2,12
75AB 0,1,2,3
75AE 0,1,2,12
75AE 0,1,2,3
75B1 0,1,2,12
75B1 0,1,2,3
75B4 0,1,10,15
75B4 0,1,2,12
75B4 0,1,2,3
75B7 0,1,10,15
75B7 0,1,2,12
75B7 0,1,2,3
75B9 0,1,10,15
75B9 0,1,2,12
75B9 0,1,2,3
75BC 0,1,10,15
75BC 0,1,2,12
75BC 0,1,2,3
75BD 0,1,10,15
75BD 0,1,2,12
75BD 0,1,2,3
75BF 0,1,10,15
75BF 0,1,2,12
75BF 0,1,2,3
75C1 0,1,10,15
75C1 0,1,2,12
75C1 0,1,2,3
75C2 0,1,10,15
75C2 0,1,2,12
75C2 0,1,2,3
75C3 0,1,10,15
75C3 0,1,2,12
75C3 0,1,2,3
75C5 0,1,10,15
75C5 0,1,2,12
75C5 0,1,2,3
75C7 0,1,10,15
75C7 0,1,2,12
75C7 0,1,2,3
75C8 0,1,10,15
75C8 0,1,2,12
75C8 0,1,2,3
75CB 0,1,10,15
75CB 0,1,2,12
75CB 0,1,2,3
75CC 0,1,10,15
75CC 0,1,2,12
75CC 0,1,2,3
75CE 0,1,10,15
75CE 0,1,2,12
75CE 0,1,2,3
75D0 0,1,10,15
75D0 0,1,2,12
75D0 0,1,2,3
75D1 0,1,10,15
75D1 0,1,2,12
75D1 0,1,2,3
75D2 0,1,10,15
75D2 0,1,2,12
75D2 0,1,2,3
75D5 0,1,10,15
75D5 0,1,2,12
75D5 0,1,2,3
75D7 0,1,10,15
75D7 0,1,2,12
75D7 0,1,2,3
75D8 0,1,10,15
75D8 0,1,2,12
75D8 0,1,2,3
75DA 0,1,10,15
75DA 0,1,2,12
75DA 0,1,2,3
75DC 0,1,10,15
75DC 0,1,2,12
75DC 0,1,2,3
75DE 0,1,2,12
75DE 0,1,2,3
75DF 0,1,10,15
75DF 0,1,2,12
75DF 0,1,2,3
75E0 0,1,10,15
75E0 0,1,2,12
75E0 0,1,2,3
75E1 0,1,10,15
75E1 0,1,2,12
75E1 0,1,2,3
75E2 0,1,10,15
75E2 0,1,2,12
75E2 0,1,2,3
75E3 0,1,10,15
75E3 0,1,2,12
75E3 0,1,2,3
75E4 0,1,10,15
75E4 0,1,2,12
75E4 0,1,2,3
75E6 0,1,10,15
75E6 0,1,2,12
75E6 0,1,2,3
75E7 0,1,10,15
75E7 0,1,2,12
75E7 0,1,2,3
75EA 0,1,10,15
75EA 0,1,2,12
75EA 0,1,2,3
75ED 0,1,10,15
75ED 0,1,2,12
75ED 0,1,2,3
75EE 0,1,10,15
75EE 0,1,2,12
75EE 0,1,2,3
75F1 0,1,10,15
75F1 0,1,2,12
75F1 0,1,2,3
75F2 0,1,10,15
75F2 0,1,2,12
75F2 0,1,2,3
75F5 0,1,10,15
75F5 0,1,2,12
75F5 0,1,2,3
75F6 0,1,10,15
75F6 0,1,2,12
75F6 0,1,2,3
75F8 0,1,10,15
75F8 0,1,2,12
75F8 0,1,2,3
75F9 0,1,10,15
75F9 0,1,2,12
75F9 0,1,2,3
75FB 0,1,10,15
75FB 0,1,2,12
75FB 0,1,2,3
75FD 0,1,10,15
75FD 0,1,2,12
75FD 0,1,2,3
75FE 0,1,10,15
75FE 0,1,2,12
75FE 0,1,2,3
75FF 0,1,10,15
75FF 0,1,2,12
75FF 0,1,2,3
7601 0,1,10,15
7601 0,1,2,12
7601 0,1,2,3
7603 0,1,10,15
7603 0,1,2,12
7603 0,1,2,3
7604 0,1,10,15
7604 0,1,2,12
7604 0,1,2,3
7607 0,1,10,15
7607 0,1,2,12
7607 0,1,2,3
7608 0,1,10,15
7608 0,1,2,12
7608 0,1,2,3
760B 0,1,10,15
760B 0,1,2,12
760B 0,1,2,3
760C 0,1,10,15
760C 0,1,2,12
760C 0,1,2,3
760F 0,1,10,15
760F 0,1,2,12
760F 0,1,2,3
7610 0,1,10,15
7610 0,1,2,12
7610 0,1,2,3
7611 0,1,10,15
7611 0,1,2,12
7611 0,1,2,3
7612 0,1,10,15
7612 0,1,2,12
7612 0,1,2,3
7613 0,1,10,15
7613 0,1,2,12
7613 0,1,2,3
7614 0,1,10,15
7614 0,1,2,12
7614 0,1,2,3
7615 0,1,10,15
7615 0,1,2,12
7615 0,1,2,3
7616 0,1,10,15
7616 0,1,2,12
7616 0,1,2,3
7617 0,1,10,15
7617 0,1,2,12
7617 0,1,2,3
7618 0,1,10,15
7618 0,1,2,12
7618 0,1,2,3
7619 0,1,10,15
7619 0,1,2,12
7619 0,1,2,3
761A 0,1,10,15
761A 0,1,2,12
761A 0,1,2,3
761C 0,1,10,15
761C 0,1,2,12
761C 0,1,2,3
761E 0,1,10,15
761E 0,1,2,12
761E 0,1,2,3
761F 0,1,10,15
761F 0,1,2,12
761F 0,1,2,3
7620 0,1,10,15
7620 0,1,2,12
7620 0,1,2,3
7622 0,1,10,15
7622 0,1,2,12
7622 0,1,2,3
7623 0,1,10,15
7623 0,1,2,12
7623 0,1,2,3
7625 0,1,10,15
7625 0,1,2,12
7625 0,1,2,3
777A 0,1,2,3
777D 0,1,2,3
7780 0,1,2,3
7781 0,1,2,3
7783 0,1,2,3
7786 0,1,2,3
7789 0,1,2,3
778A 0,1,2,3
778C 0,1,2,3
778D 0,1,2,3
778E 0,1,2,3
7791 0,1,2,3
7792 0,1,2,3
7795 0,1,2,3
7798 0,1,2,3
779A 0,1,2,3
77A1 0,1,2,3
77A4 0,1,2,3
77A5 0,1,2,3
77A8 0,1,2,3
77AB 0,1,2,3
77AC 0,1,2,3
77AE 0,1,2,3
77B1 0,1,2,3
77B2 0,1,2,3
77B8 0,1,2,3
77BB 0,1,2,3
77BC 0,1,2,3
77BF 0,1,2,3
77C0 0,1,2,3
77C3 0,1,2,3
77C6 0,1,2,3
77C8 0,1,2,3
77C9 0,1,2,3
77CC 0,1,2,3
77CD 0,1,2,3
77D0 0,1,2,3
77D1 0,1,2,3
77D4 0,1,2,3
77D5 0,1,2,3
77D6 0,1,2,3
77D8 0,1,2,3
77E0 0,1,2,3
77E1 0,1,2,3
77E3 0,1,2,3
77E4 0,1,2,3
77E6 0,1,2,3
77E9 0,1,2,3
77EA 0,1,2,3
77ED 0,1,2,3
77EE 0,1,2,3
77F1 0,1,2,3
77F2 0,1,2,3
77FB 0,1,2,3
77FE 0,1,2,3
77FF 0,1,2,3
7807 0,1,2,3
7808 0,1,2,3
7809 0,1,2,3
780A 0,1,2,3
780B 0,1,2,3
780D 0,1,2,3
780E 0,1,2,3
780F 0,1,2,3
7811 0,1,2,3
7814 0,1,2,3
7815 0,1,2,3
7818 0,1,2,3
781C 0,1,2,3
781F 0,1,2,3
7822 0,1,2,3
7825 0,1,2,3
7826 0,1,2,3
7828 0,1,2,3
7829 0,1,2,3
782B 0,1,2,3
782C 0,1,2,3
7830 0,1,2,3
7831 0,1,2,3
7833 0,1,2,3
7836 0,1,2,3
7837 0,1,2,3
7838 0,1,2,3
7839 0,1,2,3
783B 0,1,2,3
783F 0,1,2,3
7840 0,1,2,3
7841 0,1,2,3
7843 0,1,2,3
7845 0,1,2,3
7847 0,1,2,3
7848 0,1,2,3
7849 0,1,2,3
784A 0,1,2,3
784D 0,1,2,3
784E 0,1,2,3
784F 0,1,2,3
7850 0,1,2,3
7851 0,1,2,3
7854 0,1,2,3
7855 0,1,2,3
7856 0,1,2,3
7857 0,1,2,3
7858 0,1,2,3
785A 0,1,2,3
785B 0,1,2,3
785E 0,1,2,3
785F 0,1,2,3
7860 0,1,2,3
7861 0,1,2,3
7863 0,1,2,3
7864 0,1,2,3
7867 0,1,2,3
7868 0,1,2,3
7869 0,1,2,3
786A 0,1,2,3
78A4 0,1,2,3
78A7 0,1,2,12
78AA 0,1,2,12
78C8 0,1,2,3
78CB 0,1,2,11
78CE 0,1,2,11
78D1 0,1,2,3
78D4 0,1,2,11
78D7 0,1,2,11
78EC 0,1,2,3
78EF 0,1,14,15
78F2 0,1,14,15
78F5 0,1,14,15
78F8 0,1,14,15
78FB 0,1,14,15
78FE 0,1,14,15
7901 0,1,14,15
7902 0,1,14,15
7905 0,1,2,3
7908 0,1,2,3
7909 0,1,2,3
790C 0,1,2,3
790D 0,1,2,3
7910 0,1,2,3
7913 0,1,2,3
7915 0,1,2,3
7916 0,1,2,3
7919 0,1,2,3
7923 0,1,2,3
7926 0,1,14,15
7929 0,1,14,15
792C 0,1,14,15
792F 0,1,14,15
7932 0,1,14,15
7935 0,1,14,15
7938 0,1,14,15
7939 0,1,14,15
793C 0,1,14,15
793D 0,1,14,15
793E 0,1,14,15
793F 0,1,14,15
7942 0,1,14,15
7943 0,1,14,15
7944 0,1,14,15
7945 0,1,14,15
7946 0,1,14,15
7947 0,1,14,15
7949 0,1,14,15
794A 0,1,14,15
794B 0,1,14,15
794C 0,1,14,15
794D 0,1,2,3
7950 0,1,2,3
7953 0,1,2,3
7956 0,1,2,3
7957 0,1,2,3
7958 0,1,2,3
795A 0,1,2,3
795B 0,1,2,3
795C 0,1,2,3
795E 0,1,2,3
795F 0,1,2,3
7962 0,1,2,3
7963 0,1,2,3
7967 0,1,2,3
796A 0,1,2,3
796B 0,1,2,3
796C 0,1,2,3
796D 0,1,2,3
796E 0,1,2,3
7971 0,1,2,3
7972 0,1,2,3
7975 0,1,2,3
7977 0,1,2,3
7979 0,1,2,3
797A 0,1,2,3
797D 0,1,2,3
797E 0,1,2,3
797F 0,1,2,3
7982 0,1,2,3
7985 0,1,2,3
7988 0,1,2,3
7989 0,1,2,3
798B 0,1,2,3
798E 0,1,2,3
7990 0,1,2,3
7997 0,1,2,3
799A 0,1,2,3
799C 0,1,2,3
799F 0,1,2,3
79A2 0,1,2,3
79A5 0,1,2,3
79B3 0,1,2,3
79B4 0,1,2,3
79B6 0,1,2,3
79B7 0,1,2,3
79B8 0,1,2,3
79BA 0,1,2,3
79BB 0,1,2,3
79BD 0,1,2,3
79BF 0,1,2,3
79C2 0,1,2,3
79C5 0,1,2,3
79C8 0,1,2,3
79C9 0,1,2,3
79CA 0,1,2,3
79CC 0,1,2,3
79CF 0,1,2,3
79D2 0,1,2,3
79D5 0,1,2,3
79D7 0,1,2,3
79D8 0,1,2,3
79DA 0,1,2,3
79DB 0,1,2,3
79DC 0,1,2,3
79DE 0,1,2,3
79DF 0,1,2,3
79E2 0,1,2,3
79E4 0,1,2,3
79E5 0,1,2,3
79E6 0,1,2,3
79E7 0,1,2,3
79E8 0,1,2,3
79EB 0,1,2,3
79EC 0,1,2,3
79EE 0,1,2,3
79F7 0,1,2,3
79FA 0,1,2,3
79FD 0,1,2,3
79FE 0,1,14,15
79FE 0,1,2,3
7A02 0,1,14,15
7A02 0,1,2,3
7A03 0,1,2,3
7A06 0,1,2,3
7A07 0,1,2,3
7A09 0,1,2,3
7A0C 0,1,2,3
7A0D 0,1,2,3
7A0E 0,1,2,3
7A12 0,1,2,3
7A13 0,1,2,3
7A14 0,1,2,3
7A4E 0,1,2,3
7A51 0,1,2,12
7A54 0,1,2,12
7A72 0,1,2,3
7A75 0,1,2,11
7A78 0,1,2,11
7A7B 0,1,2,3
7A7E 0,1,2,11
7A81 0,1,2,11
7A9F 0,1,2,3
7AA3 0,1,2,3
7AA5 0,1,2,3
7AA8 0,1,2,3
7AA9 0,1,2,3
7AAB 0,1,2,3
7AAE 0,1,2,3
7AAF 0,1,2,3
7AB1 0,1,2,3
7AB3 0,1,2,3
7AB5 0,1,2,3
7AB7 0,1,2,3
7AB9 0,1,2,3
7ABB 0,1,2,3
7AC5 0,1,2,3
7AC8 0,1,2,3
7ACA 0,1,2,3
7ACC 0,1,2,3
7ACD 0,1,2,11
7ACD 0,1,2,12
7ACD 0,1,2,3
7AD0 0,1,2,11
7AD0 0,1,2,12
7AD0 0,1,2,3
7AD1 0,1,2,11
7AD1 0,1,2,12
7AD1 0,1,2,3
7AD2 0,1,2,11
7AD2 0,1,2,12
7AD2 0,1,2,3
7AD5 0,1,2,11
7AD5 0,1,2,12
7AD5 0,1,2,3
7AD6 0,1,2,11
7AD6 0,1,2,12
7AD6 0,1,2,3
7AD7 0,1,2,11
7AD7 0,1,2,12
7AD7 0,1,2,3
7ADA 0,1,2,11
7ADA 0,1,2,12
7ADA 0,1,2,3
7ADC 0,1,2,11
7ADC 0,1,2,12
7ADC 0,1,2,3
7ADE 0,1,2,11
7ADE 0,1,2,12
7ADE 0,1,2,3
7AE0 0,1,2,11
7AE0 0,1,2,12
7AE2 0,1,2,11
7AE2 0,1,2,12
7AEB 0,1,2,12
7AEE 0,1,2,12
7AEF 0,1,2,12
7AF2 0,1,2,12
7AF3 0,1,2,12
7AF6 0,1,2,11
7AF6 0,1,2,12
7AF9 0,1,2,11
7AF9 0,1,2,12
7AFA 0,1,2,11
7AFA 0,1,2,12
7AFC 0,1,2,11
7AFC 0,1,2,12
7AFF 0,1,2,11
7AFF 0,1,2,12
7B00 0,1,2,11
7B00 0,1,2,12
7B01 0,1,2,11
7B01 0,1,2,12
7B05 0,1,2,11
7B05 0,1,2,12
7BE3 0,1,2,3
7BE6 0,1,2,3
7BE8 0,1,2,3
7BF0 0,1,2,3
7BF3 0,1,2,3
7BF4 0,1,2,3
7BF5 0,1,2,3
7BF6 0,1,2,3
7BF7 0,1,2,3
7BF8 0,1,2,3
7BFA 0,1,2,3
7BFC 0,1,2,3
7BFD 0,1,2,3
7C00 0,1,2,3
7C03 0,1,2,3
7C05 0,1,2,3
7C06 0,1,2,3
7C09 0,1,2,12
7C0C 0,1,2,12
7C0F 0,1,2,12
7C12 0,1,2,12
7C15 0,1,2,12
7C18 0,1,2,12
7C19 0,1,2,12
7C1A 0,1,2,12
7C1C 0,1,2,12
7C1D 0,1,2,12
7C20 0,1,2,12
7C21 0,1,2,12
7C24 0,1,2,12
7C25 0,1,2,12
7C2A 0,1,2,12
7C2B 0,1,2,12
7C2D 0,1,2,12
7C2E 0,1,2,12
7C31 0,1,2,3
7C34 0,1,2,3
7C35 0,1,2,3
7C36 0,1,2,12
7C39 0,1,2,12
7C3B 0,1,2,12
7C41 0,1,2,12
7C44 0,1,2,12
7C45 0,1,2,12
7C46 0,1,2,12
7C49 0,1,2,12
7C4A 0,1,2,12
7C4B 0,1,2,12
7C4E 0,1,2,12
7C4F 0,1,2,12
7C50 0,1,2,12
7C51 0,1,2,12
7C52 0,1,2,12
7C53 0,1,2,12
7C56 0,1,2,3
7C57 0,1,2,3
7C5A 0,1,2,3
7C5B 0,1,2,3
7C5C 0,1,2,3
7C60 0,1,2,3
7C62 0,1,2,3
7C63 0,1,2,3
7C66 0,1,2,3
7C69 0,1,2,3
7C6B 0,1,2,3
7C6C 0,1,2,3
7C6E 0,1,2,3
7C6F 0,1,2,3
7C72 0,1,2,3
7C73 0,1,2,3
7C74 0,1,2,3
7C8F 0,1,2,3
7C92 0,1,2,3
7C93 0,1,2,3
7C95 0,1,2,3
7C98 0,1,2,3
7C9A 0,1,2,3
7C9B 0,1,2,3
7C9E 0,1,2,3
7CA1 0,1,2,3
7CA2 0,1,2,3
7CA3 0,1,2,3
7CA6 0,1,2,3
7CA9 0,1,2,3
7CAC 0,1,2,3
7CAD 0,1,2,3
7CB0 0,1,2,3
7CB1 0,1,2,3
7CB3 0,1,2,3
7CB6 0,1,2,3
7CBB 0,1,2,3
7CCC 0,1,2,3
7CCF 0,1,2,3
7CD0 0,1,2,3
7CD1 0,1,2,3
7CD2 0,1,2,3
7CD5 0,1,2,3
7CD7 0,1,2,3
7CEF 0,1,2,3
7CF2 0,1,2,3
7CF5 0,1,2,3
7CF8 0,1,2,3
7CF9 0,1,2,3
7CFA 0,1,2,3
7CFD 0,1,2,3
7CFE 0,1,2,3
7CFF 0,1,2,3
7D00 0,1,2,3
7D03 0,1,2,3
7D06 0,1,2,3
7D07 0,1,2,3
7D09 0,1,2,3
7D0C 0,1,2,3
7D19 0,1,2,3
7D1A 0,1,2,3
7D1C 0,1,2,3
7D1D 0,1,2,3
7D31 0,1,2,3
7D34 0,1,2,3
7D35 0,1,2,3
7D90 0,1,2,3
7D93 0,1,2,3
7D97 0,1,2,3
7D9A 0,1,2,3
7D9B 0,1,2,3
7D9D 0,1,2,3
7D9E 0,1,2,3
7DA1 0,1,2,3
7DA2 0,1,2,3
7DA4 0,1,2,3
7DA6 0,1,2,3
7DA9 0,1,2,3
7DAB 0,1,2,3
7DAE 0,1,2,3
7DAF 0,1,2,3
7DB2 0,1,2,3
7DB5 0,1,2,3
7DB9 0,1,2,3
7DBB 0,1,2,3
7DBE 0,1,2,3
7DC0 0,1,2,3
7DC1 0,1,2,3
7DC2 0,1,2,3
7DC5 0,1,2,3
7DC8 0,1,2,3
7DC9 0,1,2,3
7DCB 0,1,2,3
7DCF 0,1,2,3
7DD0 0,1,2,3
7DD3 0,1,2,3
7DD5 0,1,2,3
7DD8 0,1,2,3
7DDA 0,1,2,3
7DDD 0,1,2,3
7DE1 0,1,2,3
7DE3 0,1,2,3
7DE6 0,1,2,3
7DE8 0,1,2,3
7DE9 0,1,2,3
7DEA 0,1,2,3
7DED 0,1,2,3
7DF0 0,1,2,3
7DF1 0,1,2,3
7DF2 0,1,2,3
7DF3 0,1,2,3
7DF4 0,1,2,3
7DF7 0,1,2,3
7DF8 0,1,2,3
7DFA 0,1,2,3
7DFD 0,1,2,3
7E4D 0,1,2,3
7E50 0,1,2,3
7E53 0,1,2,3
7E56 0,1,2,3
7E57 0,1,2,3
7E5A 0,1,2,3
7E5B 0,1,2,3
7E63 0,1,2,3
7E64 0,1,2,3
7E65 0,1,2,3
7E66 0,1,2,3
7E67 0,1,2,3
7E68 0,1,2,3
7E69 0,1,2,3
7E6C 0,1,2,3
7E6E 0,1,2,3
7E70 0,1,2,3
7E71 0,1,2,3
7E7F 0,1,2,3
7E82 0,1,2,3
7E84 0,1,2,3
7E87 0,1,2,3
7E8A 0,1,2,3
7E8B 0,1,2,3
7E8C 0,1,2,3
7E8D 0,1,2,3
7E8E 0,1,2,3
7E91 0,1,2,3
7E92 0,1,2,3
7E94 0,1,2,3
7E97 0,1,2,3
7E9C 0,1,2,3
7E9F 0,1,2,3
7EA2 0,1,2,3
7EA5 0,1,2,3
7EA8 0,1,2,3
7EA9 0,1,2,3
7EAC 0,1,2,3
7EAD 0,1,2,3
7EB7 0,1,2,3
7EB8 0,1,2,3
7EB9 0,1,2,3
7EBB 0,1,2,3
7EBC 0,1,2,3
7ED4 0,1,2,12
7ED4 0,1,2,3
7ED7 0,1,2,12
7ED7 0,1,2,3
7EDA 0,1,2,12
7EDA 0,1,2,3
7EDD 0,1,2,12
7EDD 0,1,2,3
7EDE 0,1,2,12
7EDE 0,1,2,3
7EE1 0,1,2,12
7EE1 0,1,2,3
7EE2 0,1,2,12
7EE2 0,1,2,3
7EE3 0,1,2,12
7EE3 0,1,2,3
7EE4 0,1,2,12
7EE4 0,1,2,3
7EE6 0,1,2,12
7EE6 0,1,2,3
7EE7 0,1,2,12
7EE7 0,1,2,3
7EE8 0,1,2,12
7EE8 0,1,2,3
7EE9 0,1,2,12
7EE9 0,1,2,3
7EEA 0,1,2,12
7EEA 0,1,2,3
7EF4 0,1,2,3
7EF7 0,1,2,3
7EFA 0,1,2,3
7EFC 0,1,2,3
7EFD 0,1,2,3
7EFF 0,1,2,3
7F02 0,1,2,3
7F05 0,1,2,3
7F06 0,1,2,3
7F08 0,1,2,3
7F0C 0,1,2,3
7F0F 0,1,2,3
7F11 0,1,2,3
7F14 0,1,2,3
7F16 0,1,2,3
7F19 0,1,2,3
7F1C 0,1,2,3
7F20 0,1,2,3
7F23 0,1,2,3
7F26 0,1,2,3
7F29 0,1,2,3
7F2A 0,1,2,3
7F2B 0,1,2,3
7F2C 0,1,2,3
7F2F 0,1,2,3
7F30 0,1,2,3
7F31 0,1,2,3
7F34 0,1,2,3
7F35 0,1,2,3
7F37 0,1,2,3
7F38 0,1,2,3
7F3A 0,1,2,3
7F3C 0,1,2,3
7F3F 0,1,2,3
7F40 0,1,2,3
7F42 0,1,2,3
7F45 0,1,2,3
7F47 0,1,2,3
7F48 0,1,2,3
7F4B 0,1,2,3
7F4C 0,1,2,3
7F4E 0,1,2,3
7F50 0,1,2,3
7F51 0,1,2,3
7F54 0,1,2,3
7F55 0,1,2,3
7F57 0,1,2,3
7F5A 0,1,2,3
7F5B 0,1,2,3
7F5C 0,1,2,3
7F5D 0,1,2,3
7F5E 0,1,2,3
7F5F 0,1,2,3
7F60 0,1,2,3
7F61 0,1,2,3
7FD4 0,1,2,3
7FD7 0,1,2,3
7FD8 0,1,2,3
7FD9 0,1,2,3
7FDC 0,1,2,3
7FDD 0,1,2,3
7FEA 0,1,2,3
7FEB 0,1,2,3
7FED 0,1,2,3
7FEF 0,1,2,3
8000 0,1,10,15
8003 0,1,10,9
8006 0,1,10,9
8009 0,1,10,9
800C 0,1,10,9
800F 0,1,10,9
8012 0,1,10,9
8015 0,1,10,9
8018 0,1,10,9
801B 0,1,10,11
801B 0,1,10,15
801B 0,1,10,9
801E 0,1,10,15
8021 0,1,10,15
8024 0,1,10,9
8025 0,1,2,3
8027 0,1,10,9
8028 0,1,2,3
802A 0,1,2,3
8031 0,1,2,3
8034 0,1,2,3
8035 0,1,2,3
8038 0,1,2,3
8039 0,1,10,15
8039 0,1,2,3
803A 0,1,2,3
803B 0,1,2,3
803C 0,1,10,11
803C 0,1,2,3
803D 0,1,2,3
803F 0,1,10,11
803F 0,1,2,3
8040 0,1,2,3
8042 0,1,10,11
8043 0,1,2,3
8044 0,1,10,15
8045 0,1,10,15
8046 0,1,10,15
8046 0,1,2,3
8048 0,1,10,15
8049 0,1,10,15
8049 0,1,2,3
804A 0,1,10,15
804B 0,1,2,3
804C 0,1,10,15
804C 0,1,2,3
804F 0,1,2,3
8050 0,1,10,15
8050 0,1,2,3
8053 0,1,10,15
8053 0,1,2,3
8054 0,1,10,15
8054 0,1,2,3
8055 0,1,2,3
8056 0,1,2,3
8057 0,1,10,15
8058 0,1,2,3
8059 0,1,2,3
805A 0,1,10,11
805A 0,1,2,3
805B 0,1,2,3
805C 0,1,2,3
805D 0,1,10,11
805F 0,1,2,3
8060 0,1,10,15
8060 0,1,2,3
8062 0,1,2,3
8063 0,1,10,15
8064 0,1,2,3
8066 0,1,10,15
8066 0,1,2,3
8067 0,1,10,15
8067 0,1,2,3
806A 0,1,10,15
806A 0,1,2,3
806B 0,1,2,3
806D 0,1,10,15
806E 0,1,10,15
806F 0,1,10,15
8070 0,1,2,3
8071 0,1,10,15
8072 0,1,2,3
8074 0,1,10,15
8075 0,1,2,3
8076 0,1,2,3
8077 0,1,10,15
8077 0,1,2,3
8078 0,1,10,15
8079 0,1,10,15
8079 0,1,2,3
807A 0,1,10,15
807B 0,1,10,15
807C 0,1,10,15
807C 0,1,2,3
807F 0,1,10,15
807F 0,1,2,3
8082 0,1,10,15
8083 0,1,10,15
8083 0,1,2,3
8084 0,1,10,15
8085 0,1,10,15
8086 0,1,10,15
8086 0,1,2,3
8088 0,1,10,15
8088 0,1,2,3
8089 0,1,10,15
8089 0,1,2,3
808A 0,1,10,15
808B 0,1,10,15
808C 0,1,10,15
808C 0,1,2,3
808D 0,1,10,15
808E 0,1,10,15
808E 0,1,2,3
808F 0,1,10,15
808F 0,1,2,3
8090 0,1,10,15
8091 0,1,10,15
8092 0,1,10,15
8092 0,1,2,3
8093 0,1,10,15
8095 0,1,10,15
8095 0,1,2,3
8096 0,1,10,15
8096 0,1,2,3
8097 0,1,10,15
8098 0,1,10,15
8098 0,1,2,3
8099 0,1,10,15
809A 0,1,2,3
809C 0,1,2,3
809D 0,1,10,15
809E 0,1,10,15
809E 0,1,2,3
809F 0,1,10,15
80A0 0,1,2,3
80A1 0,1,2,3
80A2 0,1,10,15
80A3 0,1,10,15
80A4 0,1,10,15
80A4 0,1,2,3
80A6 0,1,10,15
80A8 0,1,2,3
80A9 0,1,10,15
80AA 0,1,2,3
80AC 0,1,2,3
80AD 0,1,10,15
80AE 0,1,10,15
80AF 0,1,2,3
80B1 0,1,10,15
80B2 0,1,2,3
80B3 0,1,10,15
80B5 0,1,2,3
80B6 0,1,10,15
80B8 0,1,2,3
80B9 0,1,10,15
80B9 0,1,2,3
80BB 0,1,10,15
80BC 0,1,2,3
80BE 0,1,10,15
80C0 0,1,2,3
80C1 0,1,10,15
80C2 0,1,2,3
80C4 0,1,10,15
80C4 0,1,2,3
80C6 0,1,2,3
80C7 0,1,10,15
80C9 0,1,2,3
80CA 0,1,10,15
80CB 0,1,2,3
80CD 0,1,10,15
80CD 0,1,2,3
80CE 0,1,2,3
80D0 0,1,10,15
80D0 0,1,2,3
80D3 0,1,10,15
80D3 0,1,2,3
80D6 0,1,10,15
80D6 0,1,2,3
80D7 0,1,2,3
80D8 0,1,2,3
80D9 0,1,10,15
80D9 0,1,2,3
80DA 0,1,2,3
80DC 0,1,10,15
80DD 0,1,2,3
80DF 0,1,10,9
80E0 0,1,10,9
80E0 0,1,2,3
80E3 0,1,10,9
80E3 0,1,2,3
80E4 0,1,2,3
80E5 0,1,2,3
80E6 0,1,10,9
80E7 0,1,10,9
80E8 0,1,2,3
80E9 0,1,2,3
80EA 0,1,10,9
80EC 0,1,2,3
80ED 0,1,10,9
80EF 0,1,2,3
80F0 0,1,10,9
80F1 0,1,2,3
80F2 0,1,10,9
80F2 0,1,2,3
80F5 0,1,10,9
80F5 0,1,2,3
80F8 0,1,10,9
80F8 0,1,2,3
80F9 0,1,10,9
80F9 0,1,2,3
80FC 0,1,10,9
80FC 0,1,2,3
80FF 0,1,10,9
8100 0,1,2,3
8101 0,1,10,9
8104 0,1,10,9
8104 0,1,2,3
8106 0,1,2,3
8107 0,1,10,9
8108 0,1,2,3
8109 0,1,10,9
810A 0,1,2,3
810B 0,1,2,3
810C 0,1,10,9
810D 0,1,2,3
810F 0,1,10,9
810F 0,1,2,3
8110 0,1,10,9
8111 0,1,2,3
8112 0,1,10,9
8112 0,1,2,3
8115 0,1,10,9
8115 0,1,2,3
8116 0,1,10,9
8116 0,1,2,3
8117 0,1,10,9
8117 0,1,2,3
8119 0,1,10,9
811A 0,1,10,9
811A 0,1,2,3
811B 0,1,2,3
811C 0,1,10,9
811C 0,1,2,3
811F 0,1,10,9
8122 0,1,10,9
8123 0,1,10,9
8123 0,1,2,3
8124 0,1,10,9
8126 0,1,10,9
8126 0,1,2,3
8129 0,1,10,9
8129 0,1,2,3
812C 0,1,10,9
812C 0,1,2,3
812D 0,1,10,9
812E 0,1,10,9
812F 0,1,2,3
8130 0,1,10,9
8130 0,1,2,3
8133 0,1,10,9
8133 0,1,2,3
8135 0,1,2,3
8136 0,1,10,9
8137 0,1,10,9
8138 0,1,2,3
813A 0,1,10,9
813B 0,1,2,3
813C 0,1,10,9
813C 0,1,2,3
813E 0,1,10,15
813F 0,1,2,3
8141 0,1,10,15
8144 0,1,10,15
8147 0,1,10,15
8147 0,1,2,3
814A 0,1,10,15
814A 0,1,2,3
814B 0,1,2,3
814D 0,1,10,15
814E 0,1,2,3
8150 0,1,10,15
8151 0,1,10,15
8151 0,1,2,3
8153 0,1,10,15
8153 0,1,2,3
8156 0,1,10,15
8157 0,1,2,3
8159 0,1,10,15
815A 0,1,10,15
815A 0,1,2,3
815B 0,1,10,15
815C 0,1,10,15
815C 0,1,2,3
815D 0,1,2,3
815E 0,1,10,15
8160 0,1,10,15
8161 0,1,2,3
8162 0,1,10,15
8162 0,1,2,3
8163 0,1,10,15
8165 0,1,2,3
8166 0,1,10,15
8167 0,1,10,15
8167 0,1,2,3
8168 0,1,10,15
8169 0,1,2,3
816A 0,1,10,15
816A 0,1,2,3
816B 0,1,2,3
816C 0,1,10,15
816C 0,1,2,3
816D 0,1,10,15
816F 0,1,2,3
8170 0,1,10,15
8171 0,1,2,3
8172 0,1,10,15
8175 0,1,10,15
8175 0,1,2,3
8176 0,1,2,3
8178 0,1,10,15
8179 0,1,2,3
817A 0,1,10,15
817A 0,1,2,3
817B 0,1,10,15
817C 0,1,10,15
817C 0,1,2,3
817E 0,1,10,15
817E 0,1,2,3
817F 0,1,10,15
8180 0,1,10,15
8181 0,1,10,15
8182 0,1,10,15
8183 0,1,10,15
8184 0,1,10,15
8185 0,1,10,15
8186 0,1,10,15
8187 0,1,10,15
8188 0,1,10,15
8189 0,1,10,15
818A 0,1,10,15
818A 0,1,2,3
818B 0,1,10,15
818C 0,1,10,15
818D 0,1,10,15
818D 0,1,2,3
818E 0,1,10,15
818F 0,1,10,15
8191 0,1,10,15
8194 0,1,10,15
8197 0,1,10,15
819A 0,1,10,15
819C 0,1,10,15
819D 0,1,10,15
81A0 0,1,10,15
81A3 0,1,10,15
81A6 0,1,10,15
81E6 0,1,10,15
81E9 0,1,10,15
81EA 0,1,10,15
81F6 0,1,2,3
81FA 0,1,2,3
81FE 0,1,2,3
8201 0,1,2,3
8203 0,1,2,3
820D 0,1,2,3
8210 0,1,2,3
8212 0,1,2,3
8214 0,1,2,3
8217 0,1,2,3
8219 0,1,2,3
821C 0,1,2,3
821F 0,1,2,3
8222 0,1,2,3
8223 0,1,2,3
8224 0,1,2,3
8227 0,1,2,3
8228 0,1,2,3
8229 0,1,2,3
822C 0,1,2,3
822F 0,1,2,3
8230 0,1,2,3
8233 0,1,2,3
8234 0,1,2,3
8235 0,1,2,3
8236 0,1,2,3
8237 0,1,10,15
8238 0,1,2,3
823A 0,1,10,15
823A 0,1,2,3
823C 0,1,2,3
823D 0,1,10,15
823D 0,1,2,3
823E 0,1,2,3
8240 0,1,10,15
8241 0,1,2,3
8243 0,1,10,15
8243 0,1,2,3
8244 0,1,10,15
8244 0,1,2,3
8247 0,1,10,15
8247 0,1,2,3
8249 0,1,2,3
824A 0,1,10,15
824A 0,1,2,3
824B 0,1,2,3
824D 0,1,10,15
824E 0,1,2,3
824F 0,1,10,15
8252 0,1,10,15
8252 0,1,2,3
8254 0,1,10,15
8254 0,1,2,3
8257 0,1,10,15
8257 0,1,2,3
825A 0,1,10,15
825A 0,1,2,3
825D 0,1,10,15
8260 0,1,10,15
8263 0,1,10,15
8263 0,1,2,3
8264 0,1,10,15
8265 0,1,10,15
8266 0,1,2,3
8267 0,1,2,3
8268 0,1,10,15
826A 0,1,2,3
826B 0,1,10,15
826B 0,1,2,3
826D 0,1,2,3
826E 0,1,10,15
826E 0,1,2,3
8271 0,1,10,15
8271 0,1,2,3
8274 0,1,10,15
8275 0,1,2,3
8277 0,1,10,15
8278 0,1,2,3
8279 0,1,10,15
827C 0,1,10,15
827C 0,1,2,3
827F 0,1,10,15
827F 0,1,2,3
8280 0,1,2,3
8282 0,1,10,15
8283 0,1,2,3
8284 0,1,2,3
8285 0,1,10,15
8286 0,1,2,3
8287 0,1,2,3
8289 0,1,2,3
828C 0,1,2,3
828D 0,1,10,15
828F 0,1,2,3
8290 0,1,10,15
8292 0,1,2,3
8293 0,1,10,15
8295 0,1,2,3
8296 0,1,10,15
8297 0,1,10,15
8298 0,1,10,15
8298 0,1,2,3
829B 0,1,10,15
829B 0,1,2,9
829E 0,1,10,15
829E 0,1,2,9
829F 0,1,10,15
82A1 0,1,2,9
82A2 0,1,10,15
82A4 0,1,2,9
82A5 0,1,10,15
82A5 0,1,2,9
82A8 0,1,10,15
82A8 0,1,2,9
82AB 0,1,10,15
82AC 0,1,2,9
82AD 0,1,10,15
82AE 0,1,2,9
82B0 0,1,10,15
82B0 0,1,2,9
82B1 0,1,10,15
82B2 0,1,10,15
82B3 0,1,2,9
82B4 0,1,10,15
82B4 0,1,2,9
82B5 0,1,10,15
82B5 0,1,2,9
82B7 0,1,2,9
82B8 0,1,10,15
82B9 0,1,10,15
82BA 0,1,10,15
82BA 0,1,2,9
82BC 0,1,10,15
82BC 0,1,2,9
82BE 0,1,10,15
82BF 0,1,10,15
82C2 0,1,10,15
82C5 0,1,10,15
82C7 0,1,10,15
82C7 0,1,2,9
82C8 0,1,2,9
82C9 0,1,2,9
82CA 0,1,10,15
82CA 0,1,2,9
82CB 0,1,2,9
82CC 0,1,2,9
82CD 0,1,10,15
82CD 0,1,2,9
82CE 0,1,10,15
82D0 0,1,2,9
82D1 0,1,10,15
82D1 0,1,2,9
82D3 0,1,2,9
82D4 0,1,10,15
82D4 0,1,2,9
82D7 0,1,10,15
82D7 0,1,2,9
82D8 0,1,2,9
82D9 0,1,10,15
82D9 0,1,2,9
82DA 0,1,2,9
82DC 0,1,10,15
82DC 0,1,2,9
82DF 0,1,10,15
82DF 0,1,2,9
82E2 0,1,10,15
82E2 0,1,2,9
82E3 0,1,10,15
82E4 0,1,10,15
82E5 0,1,10,15
82E6 0,1,2,9
82E8 0,1,10,15
82E8 0,1,2,9
82E9 0,1,10,15
82EC 0,1,10,15
82EC 0,1,2,9
82ED 0,1,10,15
82EE 0,1,10,15
82EF 0,1,10,15
82F0 0,1,2,9
82F1 0,1,10,15
82F3 0,1,10,15
82F4 0,1,10,15
82F4 0,1,2,9
82F6 0,1,10,15
82F7 0,1,2,9
82F9 0,1,10,15
82F9 0,1,2,9
82FA 0,1,10,15
82FD 0,1,10,15
8300 0,1,10,15
8302 0,1,10,15
8303 0,1,10,15
8304 0,1,10,15
8305 0,1,10,15
8308 0,1,10,15
8309 0,1,2,9
830B 0,1,10,15
830C 0,1,10,15
830C 0,1,2,9
830D 0,1,10,15
830D 0,1,2,9
830E 0,1,10,15
830E 0,1,2,9
830F 0,1,10,15
830F 0,1,2,9
8310 0,1,10,15
8310 0,1,2,9
8311 0,1,10,15
8312 0,1,10,15
8313 0,1,10,15
8313 0,1,2,9
8314 0,1,2,9
8315 0,1,2,9
8316 0,1,10,15
8316 0,1,2,9
8317 0,1,10,15
8317 0,1,2,9
8318 0,1,10,15
8319 0,1,2,9
831A 0,1,10,15
831B 0,1,2,9
831C 0,1,10,15
831C 0,1,2,3
831D 0,1,10,15
831E 0,1,10,15
831F 0,1,2,3
8321 0,1,10,15
8322 0,1,2,3
8323 0,1,2,3
8324 0,1,10,15
8325 0,1,10,15
8325 0,1,2,3
8326 0,1,2,3
8328 0,1,10,15
8329 0,1,2,3
832A 0,1,10,15
832B 0,1,10,15
832C 0,1,10,15
832E 0,1,10,15
832F 0,1,10,15
8331 0,1,10,15
8332 0,1,10,15
8335 0,1,10,15
8337 0,1,10,15
833A 0,1,10,15
833D 0,1,10,15
8340 0,1,10,15
8343 0,1,10,15
8344 0,1,10,15
8347 0,1,10,15
834A 0,1,10,15
834D 0,1,10,15
834F 0,1,10,15
8350 0,1,10,15
8351 0,1,10,15
8354 0,1,10,15
8357 0,1,10,15
8359 0,1,10,15
835C 0,1,10,15
835E 0,1,10,15
8361 0,1,10,15
8364 0,1,10,15
8367 0,1,10,15
8368 0,1,10,15
836A 0,1,10,15
836C 0,1,10,15
836E 0,1,10,15
8371 0,1,10,15
8374 0,1,10,15
8375 0,1,2,9
8376 0,1,10,15
8376 0,1,2,9
8377 0,1,10,15
8377 0,1,2,9
8378 0,1,2,9
8379 0,1,2,9
837A 0,1,10,15
837A 0,1,2,9
837B 0,1,2,9
837D 0,1,10,15
837E 0,1,10,15
837E 0,1,2,9
837F 0,1,2,9
8381 0,1,10,15
8381 0,1,2,9
8382 0,1,2,9
8384 0,1,10,15
8385 0,1,2,9
8386 0,1,2,9
8387 0,1,10,15
8387 0,1,2,9
8388 0,1,2,9
8389 0,1,10,15
838A 0,1,2,9
838C 0,1,10,15
838D 0,1,10,15
838D 0,1,2,9
8390 0,1,10,15
8390 0,1,2,9
8391 0,1,2,9
8393 0,1,10,15
8393 0,1,2,9
8394 0,1,2,9
8396 0,1,10,15
8397 0,1,2,9
8399 0,1,10,15
839A 0,1,2,9
839B 0,1,10,15
839D 0,1,10,15
839D 0,1,2,9
839F 0,1,2,9
83A0 0,1,10,15
83A2 0,1,10,15
83A5 0,1,10,15
83A7 0,1,10,15
83AA 0,1,10,15
83AD 0,1,10,15
83B0 0,1,10,15
83B3 0,1,10,15
83B5 0,1,10,15
83B8 0,1,10,15
83BB 0,1,10,15
83BE 0,1,10,15
83BF 0,1,10,15
83C1 0,1,10,15
83C2 0,1,10,15
83C3 0,1,10,15
83C5 0,1,10,15
83C6 0,1,10,15
83C7 0,1,10,15
83C9 0,1,10,15
83CC 0,1,10,15
83CE 0,1,10,15
83D1 0,1,10,15
83D4 0,1,10,15
83D7 0,1,10,15
83DA 0,1,10,15
83DB 0,1,10,15
83DC 0,1,10,15
83DF 0,1,10,15
83E0 0,1,10,15
83E1 0,1,10,15
83E2 0,1,10,15
83E4 0,1,2,3
83E5 0,1,10,15
83E7 0,1,2,3
83E8 0,1,10,15
83E8 0,1,2,3
83E9 0,1,10,15
83EA 0,1,2,3
83EC 0,1,10,15
83ED 0,1,10,15
83ED 0,1,2,3
83EE 0,1,10,15
83EF 0,1,10,15
83EF 0,1,2,3
83F0 0,1,10,15
83F1 0,1,10,15
83F1 0,1,2,3
83F3 0,1,2,3
83F4 0,1,10,15
83F5 0,1,2,3
83F7 0,1,2,3
83F9 0,1,2,3
83FA 0,1,10,15
83FC 0,1,2,3
83FD 0,1,10,15
83FF 0,1,2,3
8400 0,1,10,15
8401 0,1,2,3
8402 0,1,2,3
8403 0,1,10,15
8403 0,1,2,3
8404 0,1,10,15
8405 0,1,2,3
8406 0,1,10,15
8407 0,1,2,3
8409 0,1,10,15
8409 0,1,2,3
840B 0,1,2,3
840C 0,1,10,15
840D 0,1,2,3
840F 0,1,10,15
840F 0,1,2,3
8411 0,1,2,3
8412 0,1,10,15
8414 0,1,2,3
8415 0,1,10,15
8418 0,1,10,15
8419 0,1,10,15
841B 0,1,10,15
841E 0,1,10,15
8421 0,1,10,15
8426 0,1,10,15
8429 0,1,10,15
842C 0,1,10,15
842F 0,1,10,15
8430 0,1,10,15
8432 0,1,10,15
8435 0,1,10,15
8438 0,1,10,15
843D 0,1,10,15
8440 0,1,10,15
8443 0,1,10,15
8446 0,1,10,15
8447 0,1,2,3
8449 0,1,10,15
844A 0,1,2,9
844C 0,1,10,15
844D 0,1,2,9
844F 0,1,10,15
844F 0,1,2,9
8450 0,1,2,9
8451 0,1,2,9
8452 0,1,10,15
8452 0,1,2,9
8454 0,1,2,9
8455 0,1,10,15
8457 0,1,10,15
8457 0,1,2,9
8458 0,1,2,9
8459 0,1,2,9
845A 0,1,10,15
845A 0,1,2,9
845B 0,1,2,9
845C 0,1,10,15
845C 0,1,2,9
845D 0,1,2,9
845E 0,1,2,9
845F 0,1,10,15
845F 0,1,2,9
8462 0,1,10,15
8463 0,1,2,9
8464 0,1,10,15
8466 0,1,2,9
8467 0,1,10,15
8468 0,1,2,9
846A 0,1,10,15
846B 0,1,2,9
846D 0,1,10,15
8470 0,1,10,15
8470 0,1,2,9
8471 0,1,10,15
8472 0,1,2,9
8473 0,1,10,15
8475 0,1,2,9
8476 0,1,10,15
8476 0,1,2,9
8477 0,1,2,9
8478 0,1,2,9
8479 0,1,10,15
8479 0,1,2,9
847B 0,1,2,9
847C 0,1,10,15
847C 0,1,2,9
847D 0,1,10,15
847F 0,1,2,9
8480 0,1,10,15
8480 0,1,2,9
8481 0,1,2,9
8483 0,1,10,15
8484 0,1,2,9
8485 0,1,2,9
8486 0,1,10,15
8486 0,1,2,9
8488 0,1,2,9
8489 0,1,10,15
8489 0,1,2,9
848B 0,1,10,15
848C 0,1,2,3
848E 0,1,10,15
848F 0,1,2,3
8490 0,1,2,3
8491 0,1,10,15
8493 0,1,2,3
8494 0,1,10,15
8496 0,1,2,3
8497 0,1,10,15
8497 0,1,2,3
849A 0,1,10,15
849A 0,1,2,3
849C 0,1,2,3
849D 0,1,10,15
849E 0,1,2,3
84A0 0,1,10,15
84A1 0,1,10,15
84A1 0,1,2,3
84A2 0,1,2,3
84A3 0,1,10,15
84A5 0,1,2,3
84A6 0,1,10,15
84A8 0,1,10,15
84A8 0,1,2,3
84A9 0,1,2,3
84AB 0,1,10,15
84AC 0,1,2,3
84AD 0,1,2,3
84AE 0,1,10,15
84AE 0,1,2,3
84AF 0,1,2,3
84B1 0,1,10,15
84B2 0,1,2,3
84B4 0,1,10,15
84B5 0,1,2,3
84B6 0,1,2,3
84B7 0,1,10,15
84B9 0,1,2,3
84BA 0,1,10,15
84BC 0,1,2,3
84BD 0,1,10,15
84BD 0,1,2,3
84C0 0,1,10,15
84C0 0,1,2,3
84C2 0,1,2,3
84C3 0,1,10,15
84C5 0,1,2,3
84C6 0,1,10,15
84C6 0,1,2,3
84C7 0,1,2,3
84C9 0,1,10,15
84CB 0,1,10,15
84CB 0,1,2,3
84CE 0,1,10,15
84CF 0,1,2,3
84D0 0,1,10,15
84D3 0,1,10,15
84D3 0,1,2,3
84D5 0,1,2,3
84D6 0,1,10,15
84D8 0,1,2,3
84D9 0,1,10,15
84DA 0,1,2,3
84DC 0,1,10,15
84DD 0,1,2,3
84DE 0,1,10,15
84DE 0,1,2,3
84E1 0,1,10,15
84E2 0,1,2,3
84E4 0,1,10,15
84E5 0,1,2,3
84E7 0,1,10,15
84E8 0,1,2,3
84EA 0,1,10,15
84EA 0,1,2,3
84EB 0,1,10,15
84ED 0,1,10,15
84ED 0,1,2,3
84F0 0,1,10,15
84F0 0,1,2,9
84F2 0,1,10,15
84F3 0,1,10,15
84F3 0,1,2,9
84F5 0,1,10,15
84F6 0,1,2,9
84F8 0,1,10,15
84F9 0,1,2,9
84FB 0,1,10,15
84FC 0,1,2,3
84FE 0,1,10,15
84FF 0,1,2,3
8501 0,1,10,15
8502 0,1,2,3
8503 0,1,2,3
8504 0,1,10,15
8506 0,1,2,3
8507 0,1,10,15
8509 0,1,2,3
850A 0,1,10,15
850B 0,1,2,3
850C 0,1,2,3
850D 0,1,10,15
850F 0,1,2,3
8510 0,1,10,15
8510 0,1,2,3
8513 0,1,10,15
8513 0,1,2,3
8514 0,1,2,3
8516 0,1,10,15
8519 0,1,10,15
851F 0,1,10,15
8522 0,1,10,15
8525 0,1,10,15
8525 0,1,2,3
8526 0,1,10,15
8527 0,1,10,15
8528 0,1,2,3
8529 0,1,2,3
852A 0,1,10,15
852B 0,1,2,3
852C 0,1,2,3
852E 0,1,2,3
852F 0,1,2,3
8530 0,1,10,15
8531 0,1,2,3
8532 0,1,2,3
8533 0,1,10,15
8534 0,1,2,3
8535 0,1,2,3
8536 0,1,10,15
8537 0,1,10,15
8538 0,1,2,3
8539 0,1,10,15
853B 0,1,2,3
853C 0,1,10,15
853C 0,1,2,3
853D 0,1,2,3
853F 0,1,10,15
853F 0,1,2,3
8542 0,1,10,15
8542 0,1,2,3
8545 0,1,10,15
8545 0,1,2,3
8548 0,1,10,15
8548 0,1,2,3
854A 0,1,2,3
854B 0,1,10,15
854D 0,1,2,3
854E 0,1,10,15
8550 0,1,2,3
8551 0,1,10,15
8553 0,1,2,3
8554 0,1,10,15
8554 0,1,2,3
8555 0,1,2,3
8556 0,1,10,15
8556 0,1,2,3
8559 0,1,10,15
8559 0,1,2,3
855C 0,1,10,15
855C 0,1,2,3
855F 0,1,10,15
855F 0,1,2,3
8562 0,1,10,15
8562 0,1,2,3
8563 0,1,10,15
8565 0,1,10,15
8565 0,1,2,3
8566 0,1,10,15
8566 0,1,2,3
8568 0,1,10,15
856B 0,1,10,15
856E 0,1,10,15
8571 0,1,10,15
8574 0,1,10,15
8577 0,1,10,15
857A 0,1,10,15
857D 0,1,10,15
8580 0,1,10,15
8583 0,1,10,15
8586 0,1,10,15
858C 0,1,10,15
858F 0,1,10,15
8592 0,1,10,15
8593 0,1,10,15
8594 0,1,10,15
8597 0,1,10,15
859D 0,1,10,15
85A0 0,1,10,15
85A0 0,1,2,3
85A3 0,1,10,15
85A3 0,1,2,3
85A4 0,1,10,15
85A4 0,1,2,3
85A6 0,1,10,15
85A9 0,1,10,15
85AB 0,1,10,15
85AE 0,1,10,15
85B1 0,1,10,15
85B4 0,1,10,15
85B7 0,1,10,15
85BA 0,1,10,15
85BD 0,1,10,15
85C0 0,1,10,15
85C2 0,1,10,15
85C5 0,1,10,15
85C8 0,1,10,15
85CB 0,1,10,15
85CE 0,1,10,15
85D1 0,1,10,15
85D2 0,1,10,15
85D5 0,1,10,15
85D8 0,1,10,15
85DB 0,1,10,15
85DE 0,1,10,15
85E1 0,1,10,15
85E4 0,1,10,15
85E5 0,1,10,15
85E6 0,1,10,15
85E9 0,1,10,15
85EC 0,1,10,15
85EF 0,1,10,15
85F2 0,1,10,15
85F5 0,1,10,15
85F8 0,1,10,15
85FB 0,1,10,15
85FE 0,1,10,15
8600 0,1,10,15
8603 0,1,10,15
8605 0,1,10,15
8608 0,1,10,15
860B 0,1,10,15
860E 0,1,10,15
860F 0,1,10,15
8612 0,1,10,15
8615 0,1,10,15
8617 0,1,10,15
861A 0,1,10,15
861D 0,1,10,15
8620 0,1,10,15
8623 0,1,10,15
8626 0,1,10,15
8629 0,1,10,15
862B 0,1,10,15
862E 0,1,10,15
8630 0,1,10,15
8633 0,1,10,15
8636 0,1,10,15
8638 0,1,10,15
863B 0,1,10,15
863E 0,1,10,15
8641 0,1,10,15
8644 0,1,10,15
8647 0,1,10,15
864A 0,1,10,15
864B 0,1,10,15
864E 0,1,10,15
8651 0,1,10,15
8654 0,1,10,15
8657 0,1,10,15
865A 0,1,10,15
865D 0,1,10,15
865E 0,1,10,15
8661 0,1,10,15
8662 0,1,10,15
8663 0,1,10,15
8666 0,1,10,15
8667 0,1,10,15
866A 0,1,10,15
866B 0,1,10,15
866C 0,1,10,15
866F 0,1,10,15
8672 0,1,10,15
8675 0,1,10,15
8678 0,1,10,15
867B 0,1,10,15
867C 0,1,10,15
867E 0,1,10,15
8680 0,1,10,15
8681 0,1,10,15
8682 0,1,10,15
8683 0,1,10,15
8684 0,1,10,15
8685 0,1,10,15
8686 0,1,10,15
8689 0,1,10,15
868B 0,1,10,15
868E 0,1,10,15
8691 0,1,10,15
8694 0,1,10,15
8697 0,1,10,15
869A 0,1,10,15
869C 0,1,10,15
869F 0,1,10,15
86A2 0,1,10,15
86A5 0,1,10,15
86A6 0,1,10,15
86A8 0,1,10,15
86AA 0,1,10,15
86AB 0,1,10,15
86AC 0,1,10,15
86AD 0,1,10,15
86AE 0,1,10,15
86AF 0,1,10,15
86B0 0,1,10,15
86B1 0,1,10,15
86B4 0,1,10,15
86B6 0,1,10,15
86B9 0,1,10,15
86BC 0,1,10,15
86CB 0,1,10,15
86CE 0,1,10,15
86D1 0,1,10,15
86D3 0,1,10,15
86D6 0,1,10,15
86D8 0,1,10,15
86DB 0,1,10,15
86DD 0,1,10,15
86E0 0,1,10,15
86E3 0,1,10,15
86E7 0,1,10,15
86E8 0,1,10,15
86E9 0,1,10,15
86EC 0,1,10,15
86EF 0,1,10,15
86F0 0,1,10,15
86F1 0,1,10,15
86F4 0,1,10,15
86F5 0,1,10,15
86F6 0,1,10,15
86F8 0,1,10,15
86FB 0,1,10,15
86FE 0,1,10,15
8701 0,1,10,15
8704 0,1,10,15
8705 0,1,10,15
8707 0,1,10,15
8708 0,1,10,15
870A 0,1,10,15
870C 0,1,10,15
870D 0,1,10,15
8710 0,1,10,15
8713 0,1,10,15
8716 0,1,10,15
8717 0,1,10,15
8718 0,1,10,15
8719 0,1,10,15
871C 0,1,10,15
871D 0,1,10,15
8720 0,1,10,15
8720 0,1,2,3
8723 0,1,10,15
8723 0,1,2,3
8724 0,1,2,3
8725 0,1,10,15
8725 0,1,2,3
8727 0,1,10,15
8728 0,1,2,3
8729 0,1,2,3
872A 0,1,10,15
872A 0,1,2,3
872C 0,1,10,15
872D 0,1,2,3
872E 0,1,10,15
872E 0,1,2,3
872F 0,1,2,3
8731 0,1,10,15
8732 0,1,10,15
8732 0,1,2,3
8733 0,1,10,15
8733 0,1,2,3
8734 0,1,10,15
8734 0,1,2,3
8735 0,1,10,15
8737 0,1,2,3
8738 0,1,10,15
8739 0,1,2,3
873A 0,1,2,3
873B 0,1,10,15
873D 0,1,2,3
873E 0,1,10,15
873F 0,1,10,15
8740 0,1,10,15
8740 0,1,2,3
8742 0,1,10,15
8743 0,1,10,15
8743 0,1,2,3
8744 0,1,2,3
8745 0,1,10,15
8745 0,1,2,3
8747 0,1,10,15
8748 0,1,2,3
8749 0,1,2,3
874A 0,1,10,15
874A 0,1,2,3
874B 0,1,2,3
874C 0,1,2,3
874D 0,1,2,3
874E 0,1,10,15
874E 0,1,2,3
874F 0,1,10,15
874F 0,1,2,3
8751 0,1,10,15
8751 0,1,2,3
8754 0,1,10,15
8756 0,1,2,3
8757 0,1,10,15
8757 0,1,2,3
8758 0,1,10,15
8759 0,1,10,15
875A 0,1,2,3
875B 0,1,10,15
875B 0,1,2,3
875C 0,1,10,15
875C 0,1,2,3
875D 0,1,10,15
875E 0,1,10,15
875E 0,1,2,3
875F 0,1,2,3
8760 0,1,10,15
8762 0,1,2,3
8763 0,1,10,15
8764 0,1,10,15
8764 0,1,2,3
8765 0,1,10,15
8768 0,1,10,15
876B 0,1,10,15
876E 0,1,10,15
8771 0,1,10,15
8774 0,1,10,15
8777 0,1,10,15
8778 0,1,10,15
8779 0,1,10,15
877A 0,1,10,15
877B 0,1,10,15
877C 0,1,10,15
877D 0,1,10,15
877F 0,1,10,15
8782 0,1,10,15
8785 0,1,10,15
8788 0,1,10,15
8789 0,1,10,15
878C 0,1,10,15
878D 0,1,10,15
878E 0,1,10,15
878F 0,1,10,15
8790 0,1,10,15
8791 0,1,10,15
8792 0,1,10,15
8793 0,1,10,15
8795 0,1,10,15
8796 0,1,10,15
8797 0,1,10,15
8798 0,1,10,15
879A 0,1,10,15
879D 0,1,10,15
879E 0,1,10,15
879F 0,1,10,15
87A0 0,1,10,15
87A1 0,1,10,15
87A2 0,1,10,15
87A3 0,1,10,15
87A4 0,1,2,3
87A5 0,1,10,15
87A7 0,1,2,3
87A8 0,1,10,15
87A9 0,1,10,15
87AA 0,1,10,15
87AA 0,1,2,3
87AB 0,1,10,15
87AC 0,1,10,15
87AD 0,1,10,15
87AD 0,1,2,3
87AE 0,1,10,15
87AF 0,1,10,15
87B0 0,1,2,3
87B1 0,1,10,15
87B3 0,1,10,15
87B4 0,1,10,15
87B4 0,1,2,3
87B6 0,1,10,15
87B6 0,1,2,3
87B8 0,1,10,15
87B9 0,1,10,15
87B9 0,1,2,3
87BA 0,1,10,15
87BB 0,1,2,3
87BC 0,1,10,15
87BD 0,1,10,15
87BD 0,1,2,3
87BE 0,1,10,15
87C0 0,1,10,15
87C1 0,1,10,15
87C1 0,1,2,3
87C3 0,1,10,15
87C3 0,1,2,3
87C4 0,1,2,3
87C5 0,1,10,15
87C6 0,1,10,15
87C7 0,1,2,3
87C8 0,1,10,15
87C8 0,1,2,3
87C9 0,1,10,15
87C9 0,1,2,3
87CA 0,1,2,3
87CC 0,1,10,15
87CC 0,1,2,3
87CD 0,1,2,3
87CE 0,1,10,15
87D0 0,1,2,3
87D1 0,1,10,15
87D3 0,1,10,15
87D3 0,1,2,3
87D6 0,1,10,15
87D6 0,1,2,3
87D7 0,1,2,3
87D9 0,1,10,15
87D9 0,1,2,3
87DA 0,1,2,3
87DB 0,1,2,3
87DC 0,1,10,15
87DC 0,1,2,3
87DD 0,1,10,15
87DD 0,1,2,3
87DE 0,1,10,15
87E0 0,1,2,3
87E1 0,1,10,15
87E2 0,1,10,15
87E2 0,1,2,3
87E3 0,1,10,15
87E4 0,1,2,3
87E5 0,1,2,3
87E6 0,1,10,15
87E7 0,1,2,3
87E8 0,1,2,3
87E9 0,1,10,15
87E9 0,1,2,3
87EB 0,1,2,3
87EC 0,1,10,15
87EC 0,1,2,3
87EF 0,1,10,15
87EF 0,1,2,3
87F0 0,1,2,3
87F2 0,1,10,15
87F3 0,1,2,3
87F5 0,1,10,15
87F8 0,1,10,15
87FB 0,1,10,15
87FC 0,1,10,15
87FC 0,1,2,3
87FD 0,1,10,15
87FD 0,1,2,3
87FE 0,1,10,15
87FE 0,1,2,3
87FF 0,1,2,3
8800 0,1,10,15
8801 0,1,2,3
8802 0,1,10,15
8803 0,1,10,15
8803 0,1,2,3
8804 0,1,2,3
8806 0,1,10,15
8806 0,1,2,3
8807 0,1,2,3
8809 0,1,10,15
8809 0,1,2,3
880A 0,1,2,3
880D 0,1,2,3
880E 0,1,2,3
880F 0,1,2,3
8810 0,1,2,3
8812 0,1,2,3
8814 0,1,2,3
8817 0,1,2,3
8818 0,1,2,3
8825 0,1,2,3
8828 0,1,2,3
8829 0,1,2,3
882A 0,1,2,3
882B 0,1,2,3
882C 0,1,2,3
882F 0,1,2,3
8831 0,1,2,3
8833 0,1,2,3
8836 0,1,2,3
8837 0,1,2,3
8838 0,1,2,3
883B 0,1,2,3
883C 0,1,2,3
883D 0,1,2,3
883E 0,1,2,3
8841 0,1,2,3
8842 0,1,2,3
8843 0,1,2,3
8846 0,1,2,3
8848 0,1,10,15
8849 0,1,2,3
884A 0,1,2,3
884B 0,1,10,15
884B 0,1,2,3
884C 0,1,10,15
884C 0,1,2,3
884F 0,1,2,3
8852 0,1,2,3
885B 0,1,2,3
885E 0,1,2,3
8860 0,1,2,3
8861 0,1,10,15
8862 0,1,2,3
8864 0,1,10,15
8866 0,1,10,15
8866 0,1,2,3
8869 0,1,10,15
8869 0,1,2,3
886A 0,1,2,3
886B 0,1,2,3
886C 0,1,10,15
886E 0,1,2,3
886F 0,1,10,15
8871 0,1,10,15
8871 0,1,2,3
8874 0,1,10,15
8874 0,1,2,3
8877 0,1,10,15
8877 0,1,2,3
8878 0,1,10,15
8879 0,1,2,3
887B 0,1,10,15
887B 0,1,2,3
887D 0,1,10,15
887E 0,1,2,3
8880 0,1,10,15
8881 0,1,2,3
8883 0,1,10,15
8884 0,1,2,3
8885 0,1,2,3
8886 0,1,10,15
8887 0,1,2,3
8888 0,1,2,3
8889 0,1,10,15
888A 0,1,10,15
888B 0,1,10,15
888B 0,1,2,3
888E 0,1,10,15
888E 0,1,2,3
8891 0,1,10,15
8891 0,1,2,3
8893 0,1,10,15
8894 0,1,2,3
8896 0,1,10,15
8897 0,1,2,3
8898 0,1,10,15
8898 0,1,2,3
889B 0,1,10,15
889B 0,1,2,3
889E 0,1,10,15
889E 0,1,2,3
889F 0,1,10,15
889F 0,1,2,3
88A0 0,1,10,15
88A0 0,1,2,3
88A1 0,1,2,3
88A2 0,1,10,15
88A2 0,1,2,3
88A5 0,1,10,15
88A5 0,1,2,3
88A8 0,1,10,15
88A8 0,1,2,3
88AA 0,1,10,15
88AB 0,1,2,3
88AD 0,1,10,15
88AE 0,1,10,15
88AE 0,1,2,3
88B0 0,1,2,3
88B1 0,1,10,15
88B3 0,1,2,3
88B4 0,1,10,15
88B6 0,1,2,3
88B7 0,1,10,15
88B8 0,1,10,15
88B9 0,1,10,15
88B9 0,1,2,3
88BC 0,1,10,15
88BC 0,1,2,3
88BD 0,1,10,15
88BF 0,1,10,15
88BF 0,1,2,3
88C1 0,1,10,15
88C2 0,1,2,3
88C4 0,1,10,15
88C5 0,1,2,3
88C7 0,1,10,15
88C8 0,1,2,3
88C9 0,1,10,15
88C9 0,1,2,3
88CB 0,1,2,3
88CC 0,1,10,15
88CD 0,1,10,15
88CE 0,1,10,15
88CE 0,1,2,3
88CF 0,1,10,15
88D1 0,1,10,15
88D2 0,1,2,3
88D3 0,1,2,3
88D4 0,1,10,15
88D6 0,1,2,3
88D7 0,1,10,15
88D8 0,1,10,15
88D9 0,1,10,15
88D9 0,1,2,3
88DA 0,1,2,3
88DB 0,1,10,15
88DD 0,1,2,3
88DE 0,1,10,15
88DF 0,1,2,3
88E1 0,1,10,15
88E2 0,1,10,15
88E2 0,1,2,3
88E3 0,1,10,15
88E5 0,1,10,15
88E8 0,1,10,15
88EB 0,1,10,15
88ED 0,1,10,15
88F0 0,1,10,15
88F3 0,1,10,15
88F6 0,1,10,15
88F7 0,1,10,15
88F8 0,1,10,15
88FB 0,1,10,15
88FE 0,1,10,15
8901 0,1,10,15
8903 0,1,10,15
8904 0,1,10,15
8906 0,1,10,15
8909 0,1,10,15
890C 0,1,10,15
890F 0,1,10,15
8912 0,1,10,15
8913 0,1,10,15
8914 0,1,10,15
8917 0,1,10,15
8918 0,1,10,15
891B 0,1,10,15
891D 0,1,10,15
8920 0,1,10,15
8924 0,1,10,15
8927 0,1,10,15
8929 0,1,2,3
892A 0,1,10,15
892C 0,1,10,15
892D 0,1,2,3
892F 0,1,10,15
8930 0,1,10,15
8930 0,1,2,3
8933 0,1,10,15
8934 0,1,10,15
8934 0,1,2,3
8937 0,1,10,15
8937 0,1,2,3
8938 0,1,10,15
8938 0,1,2,3
8939 0,1,10,15
8939 0,1,2,3
893B 0,1,10,15
893C 0,1,10,15
893C 0,1,2,3
893D 0,1,10,15
893E 0,1,10,15
893E 0,1,2,3
893F 0,1,10,15
893F 0,1,2,3
8941 0,1,10,15
8942 0,1,2,3
8943 0,1,10,15
8943 0,1,2,3
8944 0,1,2,3
8946 0,1,10,15
8947 0,1,2,3
8948 0,1,10,15
8949 0,1,10,15
8949 0,1,2,3
894A 0,1,10,15
894A 0,1,2,3
894D 0,1,10,15
894D 0,1,2,3
894E 0,1,2,3
894F 0,1,2,3
8950 0,1,10,15
8950 0,1,2,3
8951 0,1,2,3
8952 0,1,10,15
8952 0,1,2,3
8953 0,1,2,3
8955 0,1,10,15
8957 0,1,10,15
8957 0,1,2,3
895A 0,1,10,15
895A 0,1,2,3
895B 0,1,2,3
895D 0,1,10,15
895E 0,1,2,3
895F 0,1,10,15
8961 0,1,2,3
8962 0,1,10,15
8964 0,1,2,3
8966 0,1,10,15
8966 0,1,2,3
8969 0,1,10,15
896C 0,1,10,15
896E 0,1,10,15
8971 0,1,10,15
8972 0,1,10,15
8975 0,1,10,15
8977 0,1,2,3
8978 0,1,10,15
8979 0,1,10,15
897A 0,1,10,15
897A 0,1,2,3
897D 0,1,10,15
897D 0,1,2,3
897E 0,1,10,15
897F 0,1,2,3
8981 0,1,10,15
8982 0,1,10,15
8984 0,1,10,15
8985 0,1,10,15
8985 0,1,2,3
8987 0,1,10,15
8988 0,1,10,15
8988 0,1,2,3
898A 0,1,10,15
898C 0,1,10,15
898E 0,1,10,15
898F 0,1,10,15
8991 0,1,10,15
8995 0,1,10,15
8998 0,1,10,15
8999 0,1,10,15
899A 0,1,10,15
899C 0,1,10,15
899F 0,1,10,15
89A2 0,1,10,15
89A3 0,1,10,15
89A4 0,1,10,15
89A5 0,1,10,15
89A7 0,1,10,15
89AA 0,1,10,15
89AC 0,1,10,15
89AF 0,1,10,15
89B1 0,1,10,15
89B3 0,1,10,15
89B5 0,1,10,15
89B7 0,1,10,15
89BA 0,1,10,15
89BC 0,1,10,15
89BF 0,1,10,15
89C0 0,1,10,15
89C1 0,1,10,15
89C3 0,1,10,15
89C5 0,1,10,15
89C6 0,1,10,15
89C7 0,1,10,15
89CA 0,1,10,15
89CC 0,1,10,15
89CF 0,1,10,15
89D2 0,1,10,15
89D4 0,1,2,3
89D5 0,1,10,15
89D6 0,1,10,15
89D7 0,1,2,3
89D8 0,1,10,15
89DA 0,1,10,15
89DA 0,1,2,3
89DB 0,1,10,15
89DD 0,1,10,15
89DD 0,1,2,3
89DE 0,1,2,3
89E0 0,1,10,15
89E0 0,1,2,3
89E3 0,1,10,15
89E4 0,1,2,3
89E6 0,1,10,15
89E7 0,1,2,3
89E8 0,1,10,15
89E9 0,1,2,3
89EB 0,1,10,15
89EC 0,1,10,15
89EC 0,1,2,3
89EF 0,1,10,15
89EF 0,1,2,3
89F0 0,1,10,15
89F0 0,1,2,3
89F1 0,1,10,15
89F4 0,1,10,15
89F7 0,1,10,15
89F8 0,1,10,15
89FB 0,1,10,15
89FC 0,1,10,15
89FE 0,1,10,15
8A00 0,1,10,15
8A02 0,1,10,15
8A04 0,1,10,15
8A06 0,1,10,15
8A06 0,1,2,3
8A08 0,1,10,15
8A0A 0,1,10,15
8A0A 0,1,2,3
8A0B 0,1,10,15
8A0C 0,1,10,15
8A0D 0,1,10,15
8A0D 0,1,2,3
8A0E 0,1,10,15
8A0F 0,1,10,15
8A0F 0,1,2,3
8A10 0,1,10,15
8A11 0,1,10,15
8A12 0,1,10,15
8A15 0,1,10,15
8A18 0,1,10,15
8A1A 0,1,2,3
8A1B 0,1,10,15
8A1D 0,1,10,15
8A1E 0,1,2,3
8A20 0,1,10,15
8A21 0,1,10,15
8A22 0,1,2,3
8A24 0,1,10,15
8A26 0,1,2,3
8A27 0,1,10,15
8A29 0,1,2,3
8A2A 0,1,10,15
8A2C 0,1,10,15
8A2C 0,1,2,3
8A2F 0,1,10,15
8A2F 0,1,2,3
8A32 0,1,2,3
8A33 0,1,2,3
8A34 0,1,10,15
8A35 0,1,10,15
8A35 0,1,2,3
8A36 0,1,10,15
8A39 0,1,10,15
8A39 0,1,2,3
8A3C 0,1,10,15
8A3C 0,1,2,3
8A3F 0,1,10,15
8A3F 0,1,2,3
8A42 0,1,10,15
8A42 0,1,2,3
8A43 0,1,10,15
8A43 0,1,2,3
8A44 0,1,10,15
8A46 0,1,2,3
8A47 0,1,10,15
8A49 0,1,2,3
8A4A 0,1,10,15
8A4C 0,1,10,15
8A4E 0,1,2,3
8A4F 0,1,10,15
8A51 0,1,2,3
8A52 0,1,10,15
8A53 0,1,10,15
8A54 0,1,2,3
8A55 0,1,10,15
8A57 0,1,10,15
8A57 0,1,2,3
8A59 0,1,2,3
8A5C 0,1,2,3
8A5E 0,1,2,3
8A61 0,1,2,3
8A64 0,1,2,3
8A65 0,1,2,3
8A66 0,1,2,3
8A67 0,1,2,3
8A82 0,1,2,3
8A85 0,1,2,3
8AA8 0,1,2,3
8AAB 0,1,2,3
8AB0 0,1,2,3
8AB3 0,1,2,3
8AB4 0,1,2,3
8AB5 0,1,2,3
8AB7 0,1,2,3
8ABB 0,1,2,3
8ABE 0,1,2,3
8ABF 0,1,2,3
8AC2 0,1,2,3
8AC5 0,1,2,3
8AC6 0,1,2,3
8AC7 0,1,2,3
8AC8 0,1,2,3
8ACB 0,1,2,3
8ACE 0,1,2,3
8ACF 0,1,2,3
8AD2 0,1,2,3
8AD4 0,1,2,3
8AE9 0,1,10,15
8AEC 0,1,10,15
8AEF 0,1,10,15
8AF0 0,1,10,15
8AF1 0,1,10,15
8AF2 0,1,10,15
8AF3 0,1,10,15
8AF4 0,1,10,15
8AF5 0,1,10,15
8AF7 0,1,10,15
8AF8 0,1,10,15
8AF9 0,1,10,15
8AFA 0,1,10,15
8AFB 0,1,10,15
8AFD 0,1,10,15
8B00 0,1,10,15
8B01 0,1,10,15
8B02 0,1,10,15
8B04 0,1,10,15
8B07 0,1,10,15
8B0A 0,1,10,15
8B0C 0,1,10,15
8B0D 0,1,10,15
8B10 0,1,10,15
8B13 0,1,10,15
8B16 0,1,10,15
8B17 0,1,10,15
8B19 0,1,10,15
8B1C 0,1,10,15
8B1D 0,1,10,15
8B1F 0,1,10,15
8B61 0,1,2,3
8B64 0,1,2,3
8B65 0,1,2,3
8B66 0,1,2,3
8B69 0,1,2,3
8B6A 0,1,2,3
8B6C 0,1,2,3
8B6F 0,1,2,3
8B72 0,1,2,3
8B74 0,1,2,3
8B77 0,1,2,3
8B78 0,1,2,3
8B79 0,1,2,3
8B7C 0,1,2,3
8B81 0,1,2,3
8B84 0,1,2,3
8B85 0,1,2,3
8B86 0,1,2,3
8B88 0,1,2,3
8B8B 0,1,2,3
8B8D 0,1,2,3
8B90 0,1,2,3
8B91 0,1,2,3
8B92 0,1,2,3
8B94 0,1,2,3
8B95 0,1,2,3
8B97 0,1,2,3
8B9A 0,1,2,3
8B9B 0,1,2,3
8B9C 0,1,2,3
8B9F 0,1,2,3
8BA2 0,1,2,3
8BA5 0,1,2,3
8BA7 0,1,2,3
8BA8 0,1,2,3
8BAA 0,1,2,3
8BAD 0,1,2,3
8BAE 0,1,2,3
8BB0 0,1,2,3
8BB1 0,1,2,3
8BB3 0,1,2,3
8BB4 0,1,2,3
8BB7 0,1,2,3
8BB8 0,1,2,3
8BB9 0,1,2,3
8BBC 0,1,2,3
8BBD 0,1,2,3
8BBE 0,1,2,3
8BBF 0,1,2,3
8BC0 0,1,2,3
8BC3 0,1,2,3
8BC4 0,1,2,3
8BC5 0,1,2,3
8BC6 0,1,2,3
8BC7 0,1,2,3
8BC8 0,1,2,3
8BCA 0,1,2,3
8BCD 0,1,2,3
8BD1 0,1,2,3
8BD3 0,1,2,3
8BD4 0,1,2,3
8BD8 0,1,2,3
8BDA 0,1,2,3
8BDE 0,1,2,3
8BE1 0,1,2,3
8BE3 0,1,2,3
8BE6 0,1,2,3
8BE7 0,1,2,3
8BEA 0,1,2,3
8BEC 0,1,2,3
8BEE 0,1,2,3
8BF0 0,1,2,3
8BF3 0,1,2,3
8BF5 0,1,2,3
8BF6 0,1,2,3
8BF8 0,1,2,3
8C10 0,1,2,3
8C12 0,1,2,3
8C14 0,1,2,3
8C17 0,1,2,3
8C1A 0,1,2,3
8C1B 0,1,2,3
8C1D 0,1,2,3
8C20 0,1,2,3
8C23 0,1,2,3
8C26 0,1,2,3
8C28 0,1,2,3
8C29 0,1,2,3
8C2C 0,1,2,3
8C2F 0,1,2,3
8C30 0,1,2,3
8C33 0,1,2,3
8C34 0,1,2,3
8C37 0,1,2,3
8C3A 0,1,2,3
8C3D 0,1,2,3
8C3F 0,1,2,3
8C42 0,1,2,3
8C45 0,1,2,3
8C46 0,1,2,3
8C49 0,1,2,3
8C4A 0,1,2,3
8C4D 0,1,2,3
8C4E 0,1,2,3
8C4F 0,1,2,3
8C52 0,1,2,3
8C56 0,1,2,3
8C59 0,1,2,3
8C5C 0,1,2,3
8C5D 0,1,2,3
8C5F 0,1,2,3
8C61 0,1,2,3
8C63 0,1,2,3
8C67 0,1,2,3
8C6A 0,1,2,3
8C6C 0,1,2,3
8C6D 0,1,2,3
8C6F 0,1,2,3
8C7B 0,1,2,3
8C7E 0,1,2,3
8C80 0,1,2,3
8C8D 0,1,2,3
8C90 0,1,2,3
8C93 0,1,2,3
8C94 0,1,2,3
8C95 0,1,2,3
8C98 0,1,2,3
8C99 0,1,2,3
8C9C 0,1,2,3
8C9F 0,1,2,3
8CA0 0,1,2,3
8CA2 0,1,2,3
8CA3 0,1,2,3
8CA4 0,1,2,3
8CA5 0,1,2,3
8CA6 0,1,2,3
8CA7 0,1,2,3
8CA8 0,1,2,3
8CAA 0,1,2,3
8CAD 0,1,2,3
8CAE 0,1,2,3
8CAF 0,1,2,3
8CB0 0,1,2,3
8CB1 0,1,2,3
8CB2 0,1,2,3
8CB3 0,1,2,3
8CB5 0,1,2,3
8CB7 0,1,2,3
8CB9 0,1,2,3
8CBC 0,1,2,3
8CBF 0,1,2,3
8CC2 0,1,2,3
8CC5 0,1,2,3
8CC8 0,1,2,3
8CC9 0,1,2,3
8CCA 0,1,2,3
8CCD 0,1,2,3
8CCE 0,1,2,3
8CCF 0,1,2,3
8CD1 0,1,2,3
8CD3 0,1,2,3
8CD4 0,1,2,3
8CD6 0,1,2,3
8CD8 0,1,2,3
8CD9 0,1,2,3
8CDB 0,1,2,3
8CDE 0,1,2,3
8CE1 0,1,2,3
8CE9 0,1,2,3
8CEC 0,1,2,3
8CEF 0,1,2,3
8CF0 0,1,10,15
8CF0 0,1,2,3
8CF1 0,1,2,3
8CF3 0,1,10,15
8CF3 0,1,2,3
8CF6 0,1,2,3
8CF9 0,1,2,3
8CFA 0,1,2,3
8CFB 0,1,2,3
8CFC 0,1,2,3
8CFD 0,1,2,3
8CFE 0,1,2,3
8CFF 0,1,2,3
8D00 0,1,2,3
8D01 0,1,2,3
8D03 0,1,2,3
8D04 0,1,2,3
8D05 0,1,2,3
8D08 0,1,2,3
8D0A 0,1,2,3
8D0B 0,1,2,3
8D0C 0,1,2,3
8D0D 0,1,2,3
8D0E 0,1,2,3
8D0F 0,1,2,3
8D11 0,1,2,3
8D12 0,1,2,3
8D13 0,1,2,3
8D16 0,1,2,3
8D18 0,1,2,3
8D1A 0,1,2,3
8D1C 0,1,2,3
8D1E 0,1,2,3
8D20 0,1,2,3
8D22 0,1,2,3
8D24 0,1,2,3
8D26 0,1,2,3
8D5F 0,1,2,3
8D63 0,1,2,3
8D66 0,1,2,3
8D69 0,1,2,3
8D6A 0,1,2,3
8D6B 0,1,2,3
8D6C 0,1,2,3
8D70 0,1,2,3
8D71 0,1,2,3
8D74 0,1,2,3
8D75 0,1,2,3
8D77 0,1,2,3
8D7B 0,1,2,3
8D7E 0,1,2,3
8D80 0,1,2,3
8D83 0,1,2,3
8D84 0,1,2,3
8D87 0,1,2,3
8D89 0,1,2,3
8D8B 0,1,2,3
8D8D 0,1,2,3
8D90 0,1,2,3
8D92 0,1,2,3
8D93 0,1,2,3
8D95 0,1,2,3
8D96 0,1,2,3
8D97 0,1,2,3
8D9A 0,1,2,3
8D9B 0,1,2,3
8D9C 0,1,2,3
8D9F 0,1,2,3
8DA0 0,1,2,3
8DA3 0,1,2,12
8DA4 0,1,2,12
8DA7 0,1,2,12
8DA8 0,1,2,12
8DAB 0,1,2,3
8DAC 0,1,2,3
8DAD 0,1,2,3
8DB0 0,1,2,12
8DB1 0,1,2,12
8DB2 0,1,2,12
8DB5 0,1,2,12
8DB8 0,1,2,12
8DBB 0,1,2,12
8DBC 0,1,2,12
8DBE 0,1,2,12
8DC0 0,1,2,12
8DC9 0,1,2,12
8DCC 0,1,2,12
8DCD 0,1,2,12
8DD0 0,1,2,12
8DD3 0,1,2,12
8DD5 0,1,2,12
8DD6 0,1,2,12
8DD7 0,1,2,12
8DD8 0,1,2,12
8DD9 0,1,2,12
8DDC 0,1,2,12
8DDD 0,1,2,12
8DE0 0,1,2,12
8DE1 0,1,2,12
8DE4 0,1,2,12
8DE5 0,1,2,12
8DE8 0,1,2,12
8DE9 0,1,2,12
8DEC 0,1,2,12
8DEF 0,1,2,12
8DF1 0,1,2,12
8DF2 0,1,2,12
8DF3 0,1,2,12
8DF4 0,1,2,12
8DF5 0,1,2,12
8DF8 0,1,2,12
8E72 0,1,2,3
8E75 0,1,2,3
8E76 0,1,2,3
8E77 0,1,2,3
8E7A 0,1,2,3
8E7D 0,1,2,3
8E7E 0,1,2,3
8E80 0,1,2,3
8E82 0,1,2,3
8E84 0,1,2,3
8E88 0,1,2,3
8E8B 0,1,2,3
8E8D 0,1,2,3
8E8E 0,1,2,3
8E90 0,1,2,3
8E9C 0,1,2,3
8E9F 0,1,2,3
8EA1 0,1,2,3
8EA3 0,1,2,3
8EA6 0,1,2,3
8EA9 0,1,2,3
8EAB 0,1,2,3
8EAC 0,1,2,3
8EAF 0,1,2,3
8EB2 0,1,2,3
8EB5 0,1,2,3
8EB8 0,1,2,3
8EB9 0,1,2,3
8EBB 0,1,2,3
8EC6 0,1,2,3
8EC7 0,1,2,3
8EC9 0,1,2,3
8ECA 0,1,2,3
8ECB 0,1,2,3
8ECD 0,1,2,3
8ECE 0,1,2,3
8ED1 0,1,2,3
8ED3 0,1,2,3
8ED4 0,1,2,3
8ED5 0,1,2,3
8ED7 0,1,2,3
8ED9 0,1,2,3
8EDA 0,1,2,3
8EDB 0,1,2,3
8EDF 0,1,2,3
8EE1 0,1,2,3
8EE2 0,1,2,3
8EE3 0,1,2,3
8EE4 0,1,2,3
8EE6 0,1,2,3
8EE7 0,1,2,3
8EE8 0,1,2,3
8EE9 0,1,2,3
8EEA 0,1,2,3
8EEB 0,1,2,3
8EEC 0,1,2,3
8EED 0,1,2,3
8EEF 0,1,2,3
8EF0 0,1,2,3
8EF1 0,1,2,3
8EF4 0,1,2,3
8EF5 0,1,2,3
8EF6 0,1,2,3
8EF9 0,1,2,3
8EFB 0,1,2,3
8FA0 0,1,2,3
8FA3 0,1,2,3
8FA4 0,1,2,3
8FA5 0,1,2,3
8FA8 0,1,2,3
8FAA 0,1,2,3
90BA 0,1,2,3
90BD 0,1,2,3
90BF 0,1,2,3
90C1 0,1,2,3
90C3 0,1,2,3
90C4 0,1,2,3
90C7 0,1,2,3
90C8 0,1,2,3
90CB 0,1,2,3
90CE 0,1,2,3
90CF 0,1,2,3
90D0 0,1,2,3
90D1 0,1,2,3
90D2 0,1,2,3
90D3 0,1,2,3
90D4 0,1,2,3
90D7 0,1,2,3
90D8 0,1,2,3
90DA 0,1,2,3
90DB 0,1,2,3
90DC 0,1,2,3
90DD 0,1,2,3
90DE 0,1,2,3
90DF 0,1,2,3
90E0 0,1,2,3
90E3 0,1,2,3
90E4 0,1,2,3
90E5 0,1,2,3
90E6 0,1,2,3
90E7 0,1,2,3
90E8 0,1,2,3
90EB 0,1,2,3
9183 0,1,2,3
9187 0,1,2,3
918A 0,1,2,3
918C 0,1,2,3
918F 0,1,2,3
9190 0,1,2,3
9193 0,1,2,3
9195 0,1,2,3
9197 0,1,2,3
9198 0,1,2,3
919B 0,1,2,3
919E 0,1,2,3
919F 0,1,2,3
91A1 0,1,2,3
91A4 0,1,2,3
91A7 0,1,2,3
91A9 0,1,2,3
91AB 0,1,2,3
91AE 0,1,2,3
91B5 0,1,2,3
91B8 0,1,2,3
91B9 0,1,2,3
91D0 0,1,2,3
91D3 0,1,2,3
91D4 0,1,2,3
91D8 0,1,2,3
91DB 0,1,2,3
91DC 0,1,2,3
91E0 0,1,2,3
91E1 0,1,2,3
91E5 0,1,2,3
91E9 0,1,2,3
91EB 0,1,2,3
91EC 0,1,2,3
91EF 0,1,2,3
91F2 0,1,2,3
91F4 0,1,2,3
91F6 0,1,2,3
91F8 0,1,2,3
91F9 0,1,2,3
91FB 0,1,2,3
91FC 0,1,2,3
91FF 0,1,2,3
9200 0,1,2,3
9201 0,1,2,3
9204 0,1,2,3
9207 0,1,2,3
920A 0,1,2,3
920D 0,1,2,3
9210 0,1,2,3
9212 0,1,2,3
9213 0,1,2,3
9215 0,1,2,3
9218 0,1,2,3
921A 0,1,2,3
921C 0,1,2,3
921D 0,1,2,3
921E 0,1,2,3
9220 0,1,2,3
9221 0,1,2,3
9225 0,1,2,3
9229 0,1,2,3
922B 0,1,2,3
922C 0,1,2,3
922F 0,1,2,3
9232 0,1,2,3
9234 0,1,2,3
9236 0,1,2,3
9238 0,1,2,3
9239 0,1,2,3
923B 0,1,2,3
923C 0,1,2,3
923F 0,1,2,3
9240 0,1,2,3
9241 0,1,2,3
9244 0,1,2,3
9247 0,1,2,3
9249 0,1,2,3
924A 0,1,2,3
924C 0,1,2,3
924F 0,1,2,3
9251 0,1,2,3
9253 0,1,2,3
9254 0,1,2,3
9255 0,1,2,3
9256 0,1,2,3
9257 0,1,2,3
9259 0,1,2,3
925A 0,1,2,3
925E 0,1,2,3
9260 0,1,2,3
9261 0,1,2,3
9264 0,1,2,3
9267 0,1,2,3
9269 0,1,2,3
926A 0,1,2,3
926C 0,1,2,3
926D 0,1,2,3
9270 0,1,2,3
9271 0,1,2,3
9272 0,1,2,3
9275 0,1,2,3
9278 0,1,2,3
9279 0,1,2,3
927A 0,1,2,3
927B 0,1,2,3
927C 0,1,2,3
927F 0,1,2,3
9282 0,1,2,3
9285 0,1,2,3
9287 0,1,2,3
928A 0,1,2,3
928C 0,1,2,3
928E 0,1,2,3
928F 0,1,2,3
9290 0,1,2,3
9291 0,1,2,3
9292 0,1,2,3
9294 0,1,2,3
92C5 0,1,2,11
92C8 0,1,2,11
92CC 0,1,2,11
92D0 0,1,2,11
92D4 0,1,2,11
92D7 0,1,2,11
92D9 0,1,2,11
92DB 0,1,2,11
92DD 0,1,2,11
92DE 0,1,2,11
92E1 0,1,2,11
92E2 0,1,2,11
92E3 0,1,2,11
92E6 0,1,2,11
92F9 0,1,2,3
92FC 0,1,2,3
92FE 0,1,2,3
9300 0,1,2,3
9303 0,1,2,3
9306 0,1,2,3
9309 0,1,2,3
930C 0,1,2,3
930D 0,1,2,3
930F 0,1,2,3
9312 0,1,2,3
9313 0,1,2,3
9317 0,1,2,3
931A 0,1,2,3
931B 0,1,2,3
931E 0,1,2,3
931F 0,1,2,3
944A 0,1,10,15
944C 0,1,10,15
944F 0,1,10,15
9451 0,1,10,15
9454 0,1,10,15
9459 0,1,10,15
945A 0,1,10,15
945C 0,1,10,15
945F 0,1,10,15
9461 0,1,10,15
9464 0,1,10,15
9469 0,1,10,15
946B 0,1,10,15
946C 0,1,10,15
946F 0,1,10,15
9470 0,1,10,15
9473 0,1,10,15
9473 0,1,2,3
9474 0,1,10,15
9476 0,1,2,3
9477 0,1,10,15
9477 0,1,2,3
9478 0,1,2,3
947A 0,1,10,15
947B 0,1,10,15
947C 0,1,2,3
947E 0,1,10,15
947F 0,1,2,3
9481 0,1,10,15
9483 0,1,2,3
9485 0,1,10,15
9486 0,1,2,3
9487 0,1,2,3
9488 0,1,2,3
9489 0,1,10,15
948A 0,1,10,15
948B 0,1,10,15
948B 0,1,2,3
948C 0,1,10,15
948C 0,1,2,3
948D 0,1,2,3
948F 0,1,10,15
948F 0,1,2,3
9490 0,1,2,3
9493 0,1,10,15
9493 0,1,2,3
9496 0,1,10,15
9496 0,1,2,3
9497 0,1,10,15
9497 0,1,2,3
9498 0,1,10,15
949A 0,1,10,15
949B 0,1,2,3
949C 0,1,10,15
949E 0,1,2,3
949F 0,1,10,15
94A0 0,1,2,3
94A2 0,1,10,15
94A3 0,1,10,15
94A4 0,1,10,15
94A7 0,1,10,15
94A8 0,1,10,15
94AA 0,1,10,15
94AD 0,1,10,15
94AE 0,1,10,15
94AF 0,1,10,15
94B2 0,1,10,15
94B5 0,1,10,15
94B6 0,1,10,15
94B7 0,1,10,15
94BA 0,1,10,15
94BB 0,1,10,15
94BC 0,1,10,15
94BF 0,1,10,15
94C0 0,1,10,15
94C1 0,1,10,15
94C3 0,1,10,15
94C4 0,1,10,15
94C6 0,1,10,15
94C7 0,1,10,15
94C9 0,1,10,15
94CA 0,1,10,15
94CD 0,1,10,15
94D0 0,1,10,15
94D3 0,1,10,15
94D6 0,1,10,15
94D7 0,1,10,15
94DA 0,1,10,15
94DD 0,1,10,15
94DE 0,1,10,15
94E0 0,1,10,15
94E3 0,1,10,15
94E5 0,1,10,15
94E7 0,1,10,15
94EA 0,1,10,15
94EB 0,1,10,15
94EE 0,1,10,15
94EF 0,1,10,15
94F0 0,1,10,15
94F3 0,1,10,15
94F6 0,1,10,15
94F7 0,1,10,15
94FA 0,1,10,15
94FC 0,1,10,15
94FF 0,1,10,15
9502 0,1,10,15
9503 0,1,10,15
9506 0,1,10,15
9507 0,1,10,15
950A 0,1,10,15
950D 0,1,10,15
9510 0,1,10,15
9513 0,1,10,15
9514 0,1,10,15
9515 0,1,10,15
9515 0,1,2,3
9518 0,1,10,15
9518 0,1,2,3
9519 0,1,2,3
951A 0,1,2,3
951B 0,1,10,15
951C 0,1,10,15
951D 0,1,10,15
951D 0,1,2,3
951E 0,1,10,15
951E 0,1,2,3
951F 0,1,2,3
9521 0,1,10,15
9523 0,1,2,3
9525 0,1,10,15
9526 0,1,2,3
9527 0,1,2,3
9529 0,1,10,15
952A 0,1,2,3
952C 0,1,2,3
952D 0,1,10,15
952D 0,1,2,3
9530 0,1,10,15
9530 0,1,2,3
9531 0,1,2,3
9533 0,1,2,3
9534 0,1,10,15
9536 0,1,10,15
9536 0,1,2,3
9537 0,1,2,3
9538 0,1,2,3
9539 0,1,10,15
953A 0,1,2,3
953B 0,1,2,3
953C 0,1,10,15
953D 0,1,2,3
953F 0,1,10,15
9540 0,1,10,15
9540 0,1,2,3
9541 0,1,10,15
9541 0,1,2,3
9542 0,1,10,15
9542 0,1,2,3
9543 0,1,2,3
9544 0,1,2,3
9545 0,1,10,15
9545 0,1,2,3
9546 0,1,10,15
9546 0,1,2,3
9547 0,1,10,15
9548 0,1,2,3
954A 0,1,10,15
954A 0,1,2,3
954B 0,1,2,3
954C 0,1,2,3
954D 0,1,2,3
9550 0,1,2,3
9551 0,1,2,3
9553 0,1,2,3
9556 0,1,2,3
9558 0,1,2,3
955B 0,1,2,3
955E 0,1,2,3
95A5 0,1,2,3
95A9 0,1,2,3
95AC 0,1,2,3
95B0 0,1,2,3
95B3 0,1,2,3
95B5 0,1,2,3
95B7 0,1,2,3
95B9 0,1,2,3
95BD 0,1,10,15
95C0 0,1,10,15
95C1 0,1,10,15
95C4 0,1,10,15
95C7 0,1,10,15
95C9 0,1,10,15
95CA 0,1,10,15
95CB 0,1,10,15
95CC 0,1,10,15
95CD 0,1,10,15
95CD 0,1,2,3
95CE 0,1,10,15
95CE 0,1,2,3
95D1 0,1,10,15
95D1 0,1,2,3
95D2 0,1,10,15
95D3 0,1,10,15
95D5 0,1,2,3
95D6 0,1,10,15
95D8 0,1,2,3
95D9 0,1,10,15
95DA 0,1,10,15
95DC 0,1,10,15
95DC 0,1,2,3
95DE 0,1,10,15
95DF 0,1,2,3
95E1 0,1,10,15
95E1 0,1,2,3
95E3 0,1,2,3
95E4 0,1,10,15
95E5 0,1,2,3
95E7 0,1,10,15
95EA 0,1,10,15
95ED 0,1,10,15
95EE 0,1,10,15
95F0 0,1,10,15
95F1 0,1,10,15
95F3 0,1,10,15
95F5 0,1,10,15
95F7 0,1,10,15
95FA 0,1,10,15
95FD 0,1,10,15
9600 0,1,10,15
9601 0,1,10,15
9603 0,1,10,15
9604 0,1,10,15
9606 0,1,10,15
9609 0,1,10,15
960A 0,1,10,15
960E 0,1,10,15
960F 0,1,10,15
9612 0,1,10,15
9613 0,1,10,15
9614 0,1,10,15
9615 0,1,10,15
9616 0,1,10,15
9617 0,1,10,15
9619 0,1,10,15
961A 0,1,10,15
961C 0,1,10,15
961F 0,1,10,15
9620 0,1,10,15
9622 0,1,10,15
9625 0,1,10,15
9628 0,1,10,15
962A 0,1,10,15
962C 0,1,10,15
962F 0,1,10,15
9631 0,1,10,15
9633 0,1,10,15
9636 0,1,10,15
9637 0,1,10,15
9639 0,1,10,15
963C 0,1,10,15
963D 0,1,10,15
963E 0,1,10,15
963F 0,1,10,15
9641 0,1,10,15
9644 0,1,10,15
9645 0,1,10,15
9647 0,1,10,15
9648 0,1,10,15
9649 0,1,10,15
9649 0,1,2,3
964A 0,1,10,15
964C 0,1,2,3
964D 0,1,10,15
964D 0,1,2,3
964E 0,1,2,3
964F 0,1,2,3
9650 0,1,10,15
9651 0,1,10,15
9652 0,1,10,15
9652 0,1,2,3
9654 0,1,10,15
9656 0,1,2,3
9657 0,1,10,15
9659 0,1,10,15
9659 0,1,2,3
965C 0,1,10,15
965D 0,1,10,15
965D 0,1,2,3
965F 0,1,10,15
9660 0,1,2,3
9661 0,1,2,3
9662 0,1,10,15
9662 0,1,2,3
9663 0,1,10,15
9664 0,1,10,15
9665 0,1,10,15
9665 0,1,2,3
9666 0,1,2,3
9668 0,1,10,15
9668 0,1,2,3
9669 0,1,10,15
9669 0,1,2,3
966A 0,1,10,15
966C 0,1,10,15
966C 0,1,2,3
966F 0,1,10,15
966F 0,1,2,3
9670 0,1,10,15
9670 0,1,2,3
9673 0,1,10,15
9673 0,1,2,3
9674 0,1,10,15
9675 0,1,2,3
9676 0,1,10,15
9677 0,1,10,15
9678 0,1,10,15
9678 0,1,2,3
9679 0,1,10,15
967A 0,1,10,15
967A 0,1,2,3
967B 0,1,10,15
967C 0,1,10,15
967D 0,1,10,15
967D 0,1,2,3
967E 0,1,10,15
967E 0,1,2,3
967F 0,1,10,15
9680 0,1,10,15
9681 0,1,10,15
9681 0,1,2,3
9684 0,1,10,15
9684 0,1,2,3
9685 0,1,10,15
9686 0,1,10,15
9687 0,1,2,3
9689 0,1,10,15
9689 0,1,2,3
968A 0,1,10,15
968A 0,1,2,3
968C 0,1,10,15
968D 0,1,2,3
968F 0,1,10,15
968F 0,1,2,3
9692 0,1,10,15
9692 0,1,2,3
9693 0,1,10,15
9693 0,1,2,3
9694 0,1,10,15
9694 0,1,2,3
9695 0,1,10,15
9697 0,1,10,15
9697 0,1,2,3
9698 0,1,2,3
9699 0,1,10,15
9699 0,1,2,3
969A 0,1,2,3
969C 0,1,10,15
969D 0,1,2,3
969F 0,1,10,15
96A0 0,1,10,15
96A0 0,1,2,3
96A1 0,1,10,15
96A3 0,1,10,15
96A4 0,1,2,3
96A6 0,1,10,15
96A6 0,1,2,3
96A7 0,1,10,15
96A8 0,1,10,15
96A9 0,1,2,3
96AB 0,1,10,15
96AB 0,1,2,3
96AD 0,1,10,15
96AE 0,1,2,3
96AF 0,1,10,15
96B1 0,1,2,3
96B2 0,1,10,15
96B4 0,1,2,3
96B5 0,1,10,15
96B5 0,1,2,3
96B6 0,1,10,15
96B6 0,1,2,3
96B7 0,1,10,15
96B8 0,1,10,15
96B9 0,1,10,15
96B9 0,1,2,3
96BA 0,1,10,15
96BA 0,1,2,3
96BB 0,1,2,3
96BD 0,1,10,15
96BE 0,1,10,15
96BF 0,1,10,15
96BF 0,1,2,3
96C1 0,1,2,3
96C2 0,1,10,15
96C2 0,1,2,3
96C3 0,1,10,15
96C5 0,1,10,15
96C5 0,1,2,3
96C6 0,1,2,3
96C7 0,1,10,15
96CA 0,1,10,15
96CA 0,1,2,3
96CC 0,1,2,3
96CD 0,1,10,15
96CE 0,1,10,15
96CF 0,1,10,15
96CF 0,1,2,3
96D0 0,1,2,3
96D1 0,1,10,15
96D3 0,1,2,3
96D4 0,1,10,15
96D5 0,1,10,15
96D5 0,1,2,3
96D8 0,1,10,15
96D8 0,1,2,3
96D9 0,1,10,15
96DB 0,1,2,3
96DC 0,1,10,15
96DE 0,1,2,3
96DF 0,1,10,15
96DF 0,1,2,3
96E0 0,1,10,15
96E1 0,1,2,3
96E3 0,1,10,15
96E4 0,1,2,3
96E5 0,1,2,3
96E6 0,1,10,15
96E8 0,1,2,3
96E9 0,1,10,15
96EA 0,1,10,15
96EA 0,1,2,3
96ED 0,1,2,3
96EF 0,1,2,3
96F0 0,1,2,3
96F1 0,1,2,3
96F2 0,1,2,3
96F5 0,1,2,3
96F7 0,1,2,3
96F9 0,1,10,15
96FC 0,1,10,15
96FF 0,1,10,15
96FF 0,1,2,3
9701 0,1,2,3
9702 0,1,10,15
9705 0,1,10,15
9707 0,1,2,3
9708 0,1,10,15
9708 0,1,2,3
9709 0,1,10,15
970A 0,1,10,15
970A 0,1,2,3
970B 0,1,2,3
970C 0,1,10,15
970D 0,1,10,15
970D 0,1,2,3
970E 0,1,2,3
970F 0,1,10,15
9710 0,1,10,15
9711 0,1,10,15
9712 0,1,10,15
9713 0,1,10,15
9715 0,1,10,15
9717 0,1,10,15
9718 0,1,10,15
971B 0,1,10,15
971C 0,1,10,15
971F 0,1,10,15
9720 0,1,10,15
9723 0,1,10,15
9724 0,1,10,15
9727 0,1,10,15
972C 0,1,10,15
972D 0,1,10,15
9730 0,1,10,15
9732 0,1,10,15
9735 0,1,10,15
9742 0,1,10,15
9743 0,1,10,15
9746 0,1,10,15
9747 0,1,10,15
9748 0,1,10,15
9749 0,1,10,15
974A 0,1,10,15
974A 0,1,2,3
974B 0,1,10,15
974B 0,1,2,3
974C 0,1,10,15
974E 0,1,2,3
974F 0,1,10,15
974F 0,1,2,3
9752 0,1,2,3
9755 0,1,2,3
9757 0,1,2,3
975A 0,1,2,3
975D 0,1,2,3
975F 0,1,2,3
9779 0,1,2,3
977C 0,1,2,3
977E 0,1,2,3
977F 0,1,2,3
9782 0,1,2,3
9784 0,1,2,3
97C6 0,1,2,3
97C9 0,1,2,3
97CC 0,1,2,3
97CF 0,1,2,3
97D1 0,1,2,3
97EB 0,1,2,3
97EE 0,1,2,3
97EF 0,1,2,3
97F1 0,1,2,3
97F5 0,1,2,3
97F8 0,1,2,3
97FB 0,1,2,3
97FE 0,1,2,3
9800 0,1,2,3
9803 0,1,2,3
9837 0,1,2,3
983A 0,1,2,3
983C 0,1,2,3
983D 0,1,2,3
9840 0,1,2,3
9842 0,1,2,3
98D3 0,1,2,3
98D7 0,1,2,3
98DA 0,1,2,3
98DE 0,1,2,3
98E1 0,1,2,3
98E2 0,1,2,3
98E3 0,1,2,3
98E6 0,1,2,3
98E7 0,1,2,3
98E8 0,1,2,3
98EB 0,1,2,3
98ED 0,1,2,3
98EE 0,1,2,3
98F1 0,1,2,3
98F2 0,1,2,3
98F3 0,1,2,3
98F6 0,1,2,3
98F7 0,1,2,3
98F9 0,1,2,3
98FB 0,1,2,3
98FD 0,1,2,3
98FE 0,1,2,3
9901 0,1,2,3
9902 0,1,2,3
9904 0,1,2,3
9906 0,1,2,3
9908 0,1,2,3
996E 0,1,2,3
9971 0,1,2,3
9972 0,1,2,3
9A1A 0,1,2,3
9A1D 0,1,2,3
9A1E 0,1,2,3
9A1F 0,1,2,3
9A23 0,1,2,3
9A26 0,1,2,3
9A27 0,1,2,3
9C3B 0,1,2,3
9C3E 0,1,2,3
9C40 0,1,2,3
9C43 0,1,2,3
9C46 0,1,2,3
9C47 0,1,2,3
9C49 0,1,2,3
9C4D 0,1,10,15
9C4E 0,1,10,15
9C50 0,1,10,15
9C52 0,1,10,15
9C55 0,1,10,15
9C58 0,1,10,15
9C5B 0,1,10,15
9C5E 0,1,10,15
9C61 0,1,10,15
9C63 0,1,10,15
9C64 0,1,10,15
9C65 0,1,10,15
9C66 0,1,10,15
9C69 0,1,10,15
9C6A 0,1,10,15
9C6C 0,1,10,15
9C6F 0,1,10,15
9C71 0,1,10,15
9C72 0,1,10,15
9C73 0,1,10,15
9C75 0,1,10,15
9C77 0,1,10,15
9C7A 0,1,10,15
9C7B 0,1,2,3
9C7D 0,1,10,15
9C7E 0,1,10,15
9C7E 0,1,2,3
9C7F 0,1,10,15
9C80 0,1,10,15
9C80 0,1,2,3
9C81 0,1,10,15
9C82 0,1,10,15
9C83 0,1,10,15
9C84 0,1,10,15
9C85 0,1,10,15
9C86 0,1,10,15
9C87 0,1,10,15
9C89 0,1,10,15
9C8A 0,1,10,15
9C8B 0,1,10,15
9C8D 0,1,10,15
9C8E 0,1,10,15
9C8F 0,1,10,15
9C92 0,1,10,15
9C93 0,1,10,15
9C95 0,1,10,15
9C96 0,1,10,15
9C99 0,1,10,15
9C9B 0,1,10,15
9C9C 0,1,10,15
9C9D 0,1,10,15
9C9F 0,1,10,15
9CA1 0,1,10,15
9CA4 0,1,10,15
9CA6 0,1,10,15
9CA7 0,1,10,15
9CAA 0,1,10,15
9CAB 0,1,10,15
9CAD 0,1,10,15
9CAE 0,1,10,15
9CB1 0,1,10,15
9CB2 0,1,10,15
9CB3 0,1,10,15
9CB4 0,1,10,15
9CB5 0,1,10,15
9CB6 0,1,10,15
9CB8 0,1,10,15
9CB9 0,1,10,15
9CBA 0,1,10,15
9CBB 0,1,10,15
9CBC 0,1,10,15
9CBD 0,1,10,15
9CBE 0,1,10,15
9CC0 0,1,10,15
9CC1 0,1,10,15
9CC3 0,1,10,15
9CC5 0,1,10,15
9CC6 0,1,10,15
9CC7 0,1,10,15
9CC8 0,1,10,15
9CC9 0,1,10,15
9CCA 0,1,10,15
9CCC 0,1,10,15
9CCD 0,1,10,15
9CCE 0,1,10,15
9CCF 0,1,10,15
9CD0 0,1,10,15
9CD2 0,1,10,15
9CD3 0,1,10,15
9CD5 0,1,10,15
9CD6 0,1,10,15
9CD7 0,1,10,15
9CD8 0,1,10,15
9CD9 0,1,10,15
9CDA 0,1,10,15
9CDB 0,1,10,15
9CDD 0,1,10,15
9CDF 0,1,10,15
9CE1 0,1,10,15
9CE2 0,1,10,15
9CE3 0,1,10,15
9CE4 0,1,10,15
9CE5 0,1,10,15
9CE8 0,1,10,15
9CE9 0,1,10,15
9CEA 0,1,10,15
9CED 0,1,10,15
9CEE 0,1,10,15
9CEF 0,1,10,15
9CF2 0,1,10,15
9CF3 0,1,10,15
9CF4 0,1,10,15
9CF7 0,1,10,15
9CF8 0,1,10,15
9CF9 0,1,10,15
9CFC 0,1,10,15
9CFD 0,1,10,15
9CFE 0,1,10,15
9D02 0,1,10,15
9D04 0,1,10,15
9D07 0,1,10,15
9D08 0,1,10,15
9D0B 0,1,10,15
9D0E 0,1,10,15
9D10 0,1,10,15
9D12 0,1,10,15
9D13 0,1,10,15
9D16 0,1,10,15
9D19 0,1,10,15
9D1C 0,1,10,15
9D1F 0,1,10,15
9D22 0,1,10,15
9D25 0,1,10,15
9D28 0,1,10,15
9D29 0,1,10,15
9D2C 0,1,10,15
9D2F 0,1,10,15
9D30 0,1,10,15
9D33 0,1,10,15
9D36 0,1,10,15
9D37 0,1,10,15
9D3A 0,1,10,15
9D3D 0,1,10,15
9D3E 0,1,10,15
9D41 0,1,10,15
9D43 0,1,10,15
9D44 0,1,10,15
9D45 0,1,10,15
9D46 0,1,10,15
9D47 0,1,10,15
9D4A 0,1,10,15
9D4B 0,1,10,15
9D4C 0,1,10,15
9D4E 0,1,10,15
9D51 0,1,10,15
9D53 0,1,10,15
9D54 0,1,10,15
9D55 0,1,10,15
9D56 0,1,10,15
9D57 0,1,10,15
9D59 0,1,10,15
9D5B 0,1,10,15
9D5C 0,1,10,15
9D5D 0,1,10,15
9D5E 0,1,10,15
9D5F 0,1,10,15
9D61 0,1,10,15
9D63 0,1,10,15
9D64 0,1,10,15
9D65 0,1,10,15
9D66 0,1,10,15
9D67 0,1,10,15
9D68 0,1,10,15
9D6A 0,1,10,15
9D6B 0,1,10,15
9D6C 0,1,10,15
9D6D 0,1,10,15
9D6E 0,1,10,15
9D71 0,1,10,15
9D73 0,1,10,15
9D74 0,1,10,15
9D75 0,1,10,15
9D77 0,1,10,15
9D79 0,1,10,15
9D7C 0,1,10,15
9D7F 0,1,10,15
9D81 0,1,10,15
9D82 0,1,10,15
9D84 0,1,10,15
9D87 0,1,10,15
9D8A 0,1,10,15
9D8D 0,1,10,15
9D90 0,1,10,15
9D92 0,1,10,15
9E13 0,1,10,15
9E16 0,1,10,15
9E17 0,1,10,15
9E18 0,1,10,15
9E1B 0,1,10,15
9E1C 0,1,10,15
9E1F 0,1,10,15
9E22 0,1,10,15
9E23 0,1,10,15
9E26 0,1,10,15
9E27 0,1,10,15
9E2A 0,1,10,15
9E2B 0,1,10,15
9E2C 0,1,10,15
9E2D 0,1,10,15
9E30 0,1,10,15
9E33 0,1,10,15
9E36 0,1,10,15
9E39 0,1,10,15
9E3A 0,1,10,15
9E3B 0,1,10,15
9E3E 0,1,10,15
9E41 0,1,10,15
9E42 0,1,10,15
9E44 0,1,10,15
9E45 0,1,10,15
9E46 0,1,10,15
9E47 0,1,10,15
9E48 0,1,10,15
9E49 0,1,10,15
9E4A 0,1,10,15
9E4D 0,1,10,15
9E50 0,1,10,15
9E53 0,1,10,15
9E56 0,1,10,15
9E59 0,1,10,15
9E5A 0,1,10,15
9E5B 0,1,10,15
9E5E 0,1,10,15
9E5F 0,1,10,15
9E62 0,1,10,15
9E65 0,1,10,15
9E68 0,1,10,15
9E69 0,1,10,15
9E6A 0,1,10,15
9E6B 0,1,10,15
9E6E 0,1,10,15
9E70 0,1,10,15
9E73 0,1,10,15
9E76 0,1,10,15
9E79 0,1,10,15
9E7A 0,1,10,15
9E7B 0,1,10,15
9E7E 0,1,10,15
9E7F 0,1,10,15
9E82 0,1,10,15
9E83 0,1,10,15
9E84 0,1,10,15
9E86 0,1,10,15
9E89 0,1,10,15
9E8A 0,1,10,15
9E8C 0,1,10,15
9E8E 0,1,10,15
9E91 0,1,10,15
9E92 0,1,10,15
9E93 0,1,10,15
9E96 0,1,10,15
9E97 0,1,10,15
9E9A 0,1,10,15
9E9D 0,1,10,15
9E9E 0,1,10,15
9EA1 0,1,10,15
9EA2 0,1,10,15
9EA3 0,1,10,15
9EA4 0,1,10,15
9EA7 0,1,10,15
9EAA 0,1,10,15
9EAB 0,1,10,15
9EAE 0,1,10,15
9EAF 0,1,10,15
9EB2 0,1,10,15
9EB5 0,1,10,15
9EB6 0,1,10,15
9EB7 0,1,10,15
9EB8 0,1,10,15
9EB9 0,1,10,15
9EBA 0,1,10,15
9EBB 0,1,10,15
9EBC 0,1,10,15
9EBE 0,1,10,15
9EC1 0,1,10,15
9EC2 0,1,10,15
9EC4 0,1,10,15
9EC6 0,1,10,15
9EC9 0,1,10,15
9ECA 0,1,10,15
9ECC 0,1,10,15
9ECD 0,1,10,15
9ED0 0,1,10,15
9ED1 0,1,10,15
9ED4 0,1,10,15
9ED7 0,1,10,15
A000 0,1,2,11
A000 0,1,2,12
A003 0,1,2,11
A003 0,1,2,12
A004 0,1,2,12
A005 0,1,2,11
A005 0,1,2,12
A007 0,1,2,11
A00B 0,1,2,11
A00E 0,1,2,11
A011 0,1,2,11
A015 0,1,2,11
A018 0,1,2,11
A01B 0,1,2,11
A01C 0,1,2,11
A01D 0,1,2,11
A01D 0,1,2,3
A020 0,1,2,11
A020 0,1,2,3
A022 0,1,2,11
A022 0,1,2,3
A023 0,1,2,11
A024 0,1,2,11
A025 0,1,2,3
A027 0,1,2,11
A028 0,1,2,3
A02A 0,1,2,11
A02C 0,1,2,11
A041 0,1,2,11
A043 0,1,2,11
A044 0,1,2,11
A047 0,1,2,11
A048 0,1,2,11
A04B 0,1,2,11
A04D 0,1,2,11
A05F 0,1,2,11
A062 0,1,2,11
A065 0,1,2,11
A068 0,1,2,11
A06A 0,1,2,11
A06D 0,1,2,11
A070 0,1,2,11
A073 0,1,2,11
A076 0,1,2,11
A079 0,1,2,11
A07C 0,1,2,11
A07F 0,1,2,11
A082 0,1,2,11
A084 0,1,2,11
A085 0,1,2,11
A088 0,1,2,11
A08B 0,1,2,11
A08C 0,1,2,11
A08D 0,1,2,11
A08F 0,1,2,11
A090 0,1,2,11
A092 0,1,2,11
A093 0,1,2,11
A095 0,1,2,11
A096 0,1,2,11
A099 0,1,2,11
A09B 0,1,2,11
A09C 0,1,2,11
A09F 0,1,2,11
A0A2 0,1,2,11
A0A3 0,1,2,11
A0A5 0,1,2,11
A0A6 0,1,2,11
A0A7 0,1,2,11
A0AA 0,1,2,11
A0AB 0,1,2,11
A0AE 0,1,2,11
A0AF 0,1,2,11
A0B0 0,1,2,11
A0B2 0,1,2,11
A0B3 0,1,2,11
A0B7 0,1,2,11
A0B8 0,1,2,11
A0B9 0,1,2,11
A0BA 0,1,2,11
A0BB 0,1,2,11
A0BC 0,1,2,11
A0BD 0,1,2,11
A0BF 0,1,2,11
A0C1 0,1,2,11
A0C3 0,1,2,11
A0C5 0,1,2,11
A0C7 0,1,2,11
A0C8 0,1,2,11
A0C9 0,1,2,11
A0CA 0,1,2,11
A0CB 0,1,2,11
A0CD 0,1,2,11
A0CE 0,1,2,11
A0D0 0,1,2,11
A0D3 0,1,2,11
A0D7 0,1,2,11
A0D9 0,1,2,11
A0DA 0,1,2,11
A0DD 0,1,2,11
A0E0 0,1,2,11
A0E2 0,1,2,11
A0E3 0,1,2,11
A0E5 0,1,2,11
A0E6 0,1,2,11
A0E9 0,1,2,11
A0EA 0,1,2,11
A0EC 0,1,2,11
A0EE 0,1,2,11
A0F0 0,1,2,11
A0F1 0,1,2,11
A100 0,1,2,11
A103 0,1,2,11
A103 0,1,2,3
A105 0,1,2,11
A106 0,1,2,11
A107 0,1,2,3
A109 0,1,2,11
A10A 0,1,2,11
A10A 0,1,2,3
A10B 0,1,2,11
A10C 0,1,2,11
A10E 0,1,2,3
A10F 0,1,2,11
A111 0,1,2,3
A112 0,1,2,11
A113 0,1,2,11
A114 0,1,2,3
A115 0,1,2,11
A117 0,1,2,3
A11A 0,1,2,3
A11D 0,1,2,3
A120 0,1,2,3
A121 0,1,2,3
A124 0,1,2,3
A127 0,1,2,3
A128 0,1,2,3
A12B 0,1,2,3
A12C 0,1,2,3
A12F 0,1,2,3
A132 0,1,2,3
A135 0,1,2,3
A136 0,1,2,3
A138 0,1,2,3
A13A 0,1,2,3
A13C 0,1,2,3
A13F 0,1,2,3
A142 0,1,2,3
A145 0,1,2,3
A146 0,1,2,3
A148 0,1,2,11
A149 0,1,2,3
A14A 0,1,2,3
A14B 0,1,2,11
A14B 0,1,2,3
A14C 0,1,2,11
A14C 0,1,2,3
A14D 0,1,2,11
A14D 0,1,2,3
A14E 0,1,2,11
A14E 0,1,2,3
A14F 0,1,2,3
A150 0,1,2,3
A151 0,1,2,11
A151 0,1,2,3
A152 0,1,2,3
A154 0,1,2,11
A155 0,1,2,11
A156 0,1,2,11
A158 0,1,2,11
A15A 0,1,2,11
A15D 0,1,2,11
A15E 0,1,2,11
A15F 0,1,2,11
A160 0,1,2,3
A161 0,1,2,11
A162 0,1,2,11
A163 0,1,2,3
A164 0,1,2,11
A166 0,1,2,11
A166 0,1,2,3
A167 0,1,2,11
A169 0,1,2,3
A16A 0,1,2,11
A16C 0,1,2,3
A16D 0,1,2,11
A16D 0,1,2,3
A170 0,1,2,11
A170 0,1,2,3
A173 0,1,2,11
A176 0,1,2,11
A177 0,1,2,11
A177 0,1,2,3
A17A 0,1,2,11
A17A 0,1,2,3
A17B 0,1,2,3
A17E 0,1,2,11
A17E 0,1,2,3
A180 0,1,2,11
A181 0,1,2,11
A181 0,1,2,3
A184 0,1,2,11
A184 0,1,2,3
A187 0,1,2,11
A187 0,1,2,3
A189 0,1,2,11
A18A 0,1,2,11
A18A 0,1,2,3
A18C 0,1,2,11
A18D 0,1,2,11
A18D 0,1,2,3
A190 0,1,2,11
A190 0,1,2,3
A191 0,1,2,11
A193 0,1,2,11
A193 0,1,2,3
A195 0,1,2,11
A196 0,1,2,3
A197 0,1,2,11
A198 0,1,2,11
A199 0,1,2,3
A19C 0,1,2,3
A19F 0,1,2,3
A1A2 0,1,2,3
A1A4 0,1,2,3
A1A7 0,1,2,11
A1A7 0,1,2,3
A1A8 0,1,2,11
A1AA 0,1,2,3
A1AB 0,1,2,11
A1AD 0,1,2,3
A1AE 0,1,2,11
A1B0 0,1,2,11
A1B0 0,1,2,3
A1B1 0,1,2,11
A1B2 0,1,2,11
A1B3 0,1,2,3
A1B5 0,1,2,11
A1B6 0,1,2,11
A1B6 0,1,2,3
A1B7 0,1,2,11
A1B8 0,1,2,11
A1B9 0,1,2,3
A1BB 0,1,2,11
A1BB 0,1,2,3
A1BE 0,1,2,11
A1BE 0,1,2,3
A1C1 0,1,2,11
A1C1 0,1,2,3
A1C2 0,1,2,11
A1C2 0,1,2,12
A1C2 0,1,2,3
A1C4 0,1,2,11
A1C5 0,1,2,11
A1C5 0,1,2,12
A1C5 0,1,2,3
A1C6 0,1,2,12
A1C6 0,1,2,3
A1C7 0,1,2,11
A1C7 0,1,2,12
A1C9 0,1,2,11
A1C9 0,1,2,3
A1CA 0,1,2,11
A1CA 0,1,2,12
A1CE 0,1,2,12
A1D0 0,1,2,12
A1D1 0,1,2,12
A1D2 0,1,2,3
A1D4 0,1,2,12
A1D5 0,1,2,12
A1D5 0,1,2,3
A1D6 0,1,2,3
A1D8 0,1,2,12
A1DA 0,1,2,12
A1DB 0,1,2,12
A1DC 0,1,2,12
A1DE 0,1,2,12
A1DF 0,1,2,12
A1E3 0,1,2,12
A1E4 0,1,2,12
A1E7 0,1,2,12
A1E8 0,1,2,12
A1E9 0,1,2,12
A1EB 0,1,2,12
A1EC 0,1,2,12
A1EE 0,1,2,12
A1F1 0,1,2,12
A1F3 0,1,2,12
A1F5 0,1,2,12
A1F7 0,1,2,12
A1FA 0,1,2,12
A1FB 0,1,2,12
A1FE 0,1,2,12
A201 0,1,2,12
A202 0,1,2,11
A204 0,1,2,12
A205 0,1,2,11
A206 0,1,2,11
A207 0,1,2,11
A207 0,1,2,12
A208 0,1,2,11
A20A 0,1,2,12
A20B 0,1,2,11
A20D 0,1,2,12
A20E 0,1,2,11
A20E 0,1,2,12
A20F 0,1,2,12
A211 0,1,2,11
A211 0,1,2,12
A212 0,1,2,11
A213 0,1,2,12
A214 0,1,2,11
A214 0,1,2,12
A215 0,1,2,11
A215 0,1,2,12
A216 0,1,2,12
A218 0,1,2,11
A218 0,1,2,12
A219 0,1,2,11
A21A 0,1,2,11
A21B 0,1,2,11
A21B 0,1,2,12
A21C 0,1,2,11
A21C 0,1,2,12
A21D 0,1,2,11
A21E 0,1,2,11
A21E 0,1,2,12
A21F 0,1,2,11
A21F 0,1,2,12
A220 0,1,2,11
A220 0,1,2,12
A222 0,1,2,11
A222 0,1,2,12
A223 0,1,2,11
A224 0,1,2,11
A224 0,1,2,12
A225 0,1,2,12
A227 0,1,2,12
A228 0,1,2,11
A228 0,1,2,12
A229 0,1,2,12
A22A 0,1,2,11
A22A 0,1,2,12
A22B 0,1,2,11
A22C 0,1,2,12
A22D 0,1,2,12
A22E 0,1,2,11
A22F 0,1,2,12
A231 0,1,2,11
A233 0,1,2,11
A234 0,1,2,11
A236 0,1,2,11
A237 0,1,2,11
A23A 0,1,2,11
A23B 0,1,2,11
A23D 0,1,2,11
A23F 0,1,2,11
A241 0,1,2,11
A242 0,1,2,11
A251 0,1,2,11
A254 0,1,2,11
A257 0,1,2,11
A25A 0,1,2,11
A25B 0,1,2,11
A26A 0,1,2,12
A26D 0,1,2,12
A26E 0,1,2,12
A26F 0,1,2,12
A272 0,1,2,12
A276 0,1,2,12
A278 0,1,2,12
A279 0,1,2,12
A27D 0,1,2,12
A27F 0,1,2,12
A282 0,1,2,12
A283 0,1,2,12
A285 0,1,2,11
A285 0,1,2,12
A287 0,1,2,12
A288 0,1,2,11
A289 0,1,2,11
A289 0,1,2,12
A28A 0,1,2,11
A28B 0,1,2,11
A28B 0,1,2,12
A28E 0,1,2,11
A28E 0,1,2,12
A291 0,1,2,11
A291 0,1,2,12
A294 0,1,2,11
A294 0,1,2,12
A295 0,1,2,11
A296 0,1,2,12
A298 0,1,2,11
A299 0,1,2,12
A29A 0,1,2,11
A29B 0,1,2,11
A29C 0,1,2,11
A29C 0,1,2,12
A29E 0,1,2,11
A29F 0,1,2,12
A2A0 0,1,2,12
A2A1 0,1,2,12
A2A3 0,1,2,12
A2A5 0,1,2,12
A2A6 0,1,2,12
A2A7 0,1,2,12
A2A8 0,1,2,12
A2AA 0,1,2,12
A2AD 0,1,2,12
A2AE 0,1,2,12
A2B0 0,1,2,12
A2B1 0,1,2,12
A2B2 0,1,2,12
A2B4 0,1,2,12
A2B6 0,1,2,12
A2B7 0,1,2,12
A2B9 0,1,2,12
A2BA 0,1,2,12
A2BB 0,1,2,12
A2BC 0,1,2,12
A2BE 0,1,2,12
A2BF 0,1,2,12
A2C1 0,1,2,12
A2C2 0,1,2,12
A2C5 0,1,2,12
A2C7 0,1,2,12
A2C9 0,1,2,12
A2E5 0,1,2,11
A2E5 0,1,2,12
A2E8 0,1,2,11
A2E8 0,1,2,12
A2E9 0,1,2,11
A2EA 0,1,2,11
A2EB 0,1,2,11
A2EB 0,1,2,12
A2EE 0,1,2,11
A2EE 0,1,2,12
A2F1 0,1,2,11
A2F1 0,1,2,12
A2F4 0,1,2,11
A2F4 0,1,2,12
A2F5 0,1,2,11
A2F7 0,1,2,11
A2F7 0,1,2,12
A2F8 0,1,2,12
A2FA 0,1,2,11
A2FB 0,1,2,11
A2FB 0,1,2,12
A2FD 0,1,2,11
A2FE 0,1,2,11
A2FE 0,1,2,12
A300 0,1,2,11
A300 0,1,2,12
A302 0,1,2,11
A302 0,1,2,12
A303 0,1,2,11
A305 0,1,2,11
A305 0,1,2,12
A306 0,1,2,11
A307 0,1,2,11
A307 0,1,2,12
A309 0,1,2,11
A30A 0,1,2,12
A30B 0,1,2,11
A30B 0,1,2,12
A30C 0,1,2,12
A30E 0,1,2,12
A30F 0,1,2,11
A30F 0,1,2,12
A310 0,1,2,12
A311 0,1,2,11
A312 0,1,2,11
A312 0,1,2,12
A313 0,1,2,12
A314 0,1,2,11
A317 0,1,2,12
A319 0,1,2,12
A31A 0,1,2,12
A31C 0,1,2,12
A31E 0,1,2,12
A31F 0,1,2,12
A320 0,1,2,12
A321 0,1,2,12
A322 0,1,2,12
A323 0,1,2,12
A326 0,1,2,12
A327 0,1,2,12
A328 0,1,2,12
A32B 0,1,2,12
A32D 0,1,2,12
A330 0,1,2,12
A332 0,1,2,12
A335 0,1,2,12
A336 0,1,2,12
A338 0,1,2,12
A33B 0,1,2,12
A33C 0,1,2,12
A33D 0,1,2,12
A33F 0,1,2,12
A340 0,1,2,12
A341 0,1,2,12
A342 0,1,2,12
A343 0,1,2,12
A344 0,1,2,12
A346 0,1,2,12
A4A9 0,1,2,12
A4AC 0,1,2,12
A4AD 0,1,2,12
A4AE 0,1,2,12
A4B1 0,1,2,12
A4B2 0,1,2,12
A4B3 0,1,2,12
A4B6 0,1,2,12
A4B7 0,1,2,12
A4B9 0,1,2,12
A4BA 0,1,2,12
A4BC 0,1,2,12
A4BE 0,1,2,12
A4C0 0,1,2,12
A4C2 0,1,2,12
A4C3 0,1,2,12
A4C5 0,1,2,12
A4CC 0,1,2,12
A4CF 0,1,2,12
A4D2 0,1,2,12
A4D5 0,1,2,12
A4D6 0,1,2,12
A4D7 0,1,2,12
A4D8 0,1,2,12
A54A 0,1,2,3
A54B 0,1,2,3
A54E 0,1,2,3
A551 0,1,2,3
A554 0,1,2,3
A557 0,1,2,3
A559 0,1,2,3
A55B 0,1,2,3
A55F 0,1,2,3
A562 0,1,2,3
A566 0,1,2,3
A569 0,1,2,3
A56A 0,1,2,3
A56B 0,1,2,3
A56E 0,1,2,3
A56F 0,1,2,3
A584 0,1,2,3
A587 0,1,2,3
A58B 0,1,2,3
A58C 0,1,2,3
A58E 0,1,2,3
A58F 0,1,2,3
A593 0,1,2,3
A596 0,1,2,3
A59A 0,1,2,3
A59C 0,1,2,3
A59D 0,1,2,3
A59E 0,1,2,3
A5A0 0,1,2,3
A5A1 0,1,2,3
A5A4 0,1,2,3
A5A7 0,1,2,3
A5A9 0,1,2,3
A5AC 0,1,2,3
A5AE 0,1,2,3
A5AF 0,1,2,3
A5B1 0,1,2,3
A5B2 0,1,2,3
A5B4 0,1,2,3
A5B7 0,1,2,3
A5B8 0,1,2,3
A5BB 0,1,2,3
A5BE 0,1,2,3
A5BF 0,1,2,3
A5C0 0,1,2,3
A5C2 0,1,2,3
A5C3 0,1,2,3
A5C5 0,1,2,3
A5C7 0,1,2,3
A5C8 0,1,2,3
A5CB 0,1,2,3
A5CC 0,1,2,3
A5CD 0,1,2,3
A5CE 0,1,2,12
A5D0 0,1,2,3
A5D1 0,1,2,12
A5D1 0,1,2,3
A5D2 0,1,2,12
A5D2 0,1,2,3
A5D3 0,1,2,12
A5D3 0,1,2,3
A5D4 0,1,2,3
A5D6 0,1,2,12
A5D7 0,1,2,12
A5D7 0,1,2,3
A5D9 0,1,2,3
A5DC 0,1,2,3
A5DE 0,1,2,3
A5DF 0,1,2,3
A5E2 0,1,2,3
A5E3 0,1,2,3
A5E4 0,1,2,12
A5E4 0,1,2,3
A5E5 0,1,2,3
A5E6 0,1,2,3
A5E7 0,1,2,12
A5E7 0,1,2,3
A5E8 0,1,2,3
A5E9 0,1,2,3
A5EA 0,1,2,12
A5EA 0,1,2,3
A5EB 0,1,2,3
A5EC 0,1,2,3
A5ED 0,1,2,12
A5ED 0,1,2,3
A5EE 0,1,2,12
A5EE 0,1,2,3
A5F1 0,1,2,3
A5F3 0,1,2,3
A5F6 0,1,2,3
A5F8 0,1,2,3
A5FB 0,1,2,3
A5FF 0,1,2,3
A601 0,1,2,3
A602 0,1,2,3
A605 0,1,2,3
A608 0,1,2,3
A60A 0,1,2,3
A60B 0,1,2,3
A60D 0,1,2,3
A60E 0,1,2,3
A611 0,1,2,3
A612 0,1,2,3
A613 0,1,2,3
A616 0,1,2,3
A61A 0,1,2,3
A61D 0,1,2,3
A61F 0,1,2,3
A623 0,1,2,3
A626 0,1,2,3
A628 0,1,2,3
A62B 0,1,2,3
A62E 0,1,2,3
A62F 0,1,2,3
A630 0,1,2,3
A632 0,1,2,3
A633 0,1,2,12
A636 0,1,2,12
A637 0,1,2,12
A638 0,1,2,12
A639 0,1,2,12
A63B 0,1,2,3
A63C 0,1,2,12
A63E 0,1,2,12
A63E 0,1,2,3
A63F 0,1,2,3
A640 0,1,2,12
A641 0,1,2,3
A642 0,1,2,12
A644 0,1,2,12
A644 0,1,2,3
A645 0,1,2,3
A646 0,1,2,12
A646 0,1,2,3
A647 0,1,2,3
A648 0,1,2,12
A64A 0,1,2,12
A64A 0,1,2,3
A64B 0,1,2,12
A64C 0,1,2,3
A64F 0,1,2,3
A651 0,1,2,3
A652 0,1,2,3
A655 0,1,2,3
A659 0,1,2,3
A65B 0,1,2,3
A65D 0,1,2,3
A65E 0,1,2,3
A65F 0,1,2,3
A660 0,1,2,3
A663 0,1,2,3
A664 0,1,2,3
A665 0,1,2,3
A668 0,1,2,3
A66B 0,1,2,3
A66C 0,1,2,3
A66E 0,1,2,3
A672 0,1,2,3
A675 0,1,2,3
A677 0,1,2,3
A67A 0,1,2,3
A67D 0,1,2,3
A680 0,1,2,3
A683 0,1,2,3
A6C6 0,1,2,12
A6C9 0,1,2,12
A6CA 0,1,2,12
A808 0,1,2,3
A80C 0,1,2,3
A80F 0,1,2,3
A813 0,1,2,3
A816 0,1,2,3
A817 0,1,2,3
A818 0,1,2,3
A81B 0,1,2,3
A81F 0,1,2,3
A821 0,1,2,3
A824 0,1,2,3
A827 0,1,2,3
A829 0,1,2,3
A82A 0,1,2,3
A82C 0,1,2,3
A82D 0,1,2,3
A82F 0,1,2,3
A830 0,1,2,3
A832 0,1,2,3
A833 0,1,2,3
A836 0,1,2,3
A837 0,1,2,3
A838 0,1,2,3
A839 0,1,2,3
A83C 0,1,2,3
A83D 0,1,2,3
A840 0,1,2,3
A841 0,1,2,3
A842 0,1,2,3
A845 0,1,2,3
A848 0,1,2,3
A84A 0,1,2,3
A84C 0,1,2,3
A850 0,1,2,3
A851 0,1,2,3
A855 0,1,2,3
A857 0,1,2,3
A858 0,1,2,3
A85B 0,1,2,3
A85E 0,1,2,3
A860 0,1,2,3
A861 0,1,2,3
A863 0,1,2,3
A864 0,1,2,3
A867 0,1,2,3
A868 0,1,2,3
A869 0,1,2,3
A86B 0,1,2,3
A86D 0,1,2,3
A86F 0,1,2,3
A871 0,1,2,12
A872 0,1,2,3
A873 0,1,2,3
A874 0,1,2,12
A875 0,1,2,12
A875 0,1,2,3
A877 0,1,2,12
A880 0,1,2,12
A883 0,1,2,12
A886 0,1,2,12
A887 0,1,2,12
A890 0,1,2,3
A893 0,1,2,3
A894 0,1,2,12
A895 0,1,2,3
A896 0,1,2,12
A896 0,1,2,3
A899 0,1,2,12
A899 0,1,2,3
A89B 0,1,2,12
A89B 0,1,2,3
A89D 0,1,2,12
A89D 0,1,2,3
A89E 0,1,2,12
A8A1 0,1,2,12
A8A5 0,1,2,12
A8A9 0,1,2,12
A8AD 0,1,2,12
A8B1 0,1,2,12
A8B4 0,1,2,12
A8B7 0,1,2,12
A8B7 0,1,2,3
A8B8 0,1,2,12
A8BA 0,1,2,12
A8BA 0,1,2,3
A8BD 0,1,2,12
A8BE 0,1,2,3
A8C1 0,1,2,3
A8C5 0,1,2,3
A8C6 0,1,2,12
A8C8 0,1,2,3
A8C9 0,1,2,12
A8CA 0,1,2,3
A8CB 0,1,2,3
A8CC 0,1,2,12
A8CC 0,1,2,3
A8CD 0,1,2,12
A8CD 0,1,2,3
A8CF 0,1,2,12
A8D0 0,1,2,12
A8D0 0,1,2,3
A8D2 0,1,2,12
A8D2 0,1,2,3
A8D3 0,1,2,12
A8D4 0,1,2,3
A8D5 0,1,2,12
A8D6 0,1,2,12
A8D7 0,1,2,12
A8D7 0,1,2,3
A8D9 0,1,2,3
A8DA 0,1,2,12
A8DB 0,1,2,12
A8E0 0,1,2,3
A8E3 0,1,2,3
A8E6 0,1,2,3
A8E8 0,1,2,3
A8E9 0,1,2,3
A8ED 0,1,2,3
A8EF 0,1,2,3
A8F1 0,1,2,3
A8F4 0,1,2,3
A8F6 0,1,2,12
A8F7 0,1,2,3
A8F9 0,1,2,12
A8F9 0,1,2,3
A8FB 0,1,2,3
A8FC 0,1,2,12
A8FD 0,1,2,12
A8FF 0,1,2,12
A8FF 0,1,2,3
A900 0,1,2,12
A901 0,1,2,3
A903 0,1,2,12
A903 0,1,2,3
A904 0,1,2,12
A905 0,1,2,12
A906 0,1,2,3
A907 0,1,2,3
A908 0,1,2,12
A90A 0,1,2,3
A90B 0,1,2,12
A90D 0,1,2,3
A90E 0,1,2,12
A90F 0,1,2,12
A90F 0,1,2,3
A912 0,1,2,12
A912 0,1,2,3
A915 0,1,2,12
A915 0,1,2,3
A918 0,1,2,12
A919 0,1,2,3
A91B 0,1,2,12
A91B 0,1,2,3
A91C 0,1,2,12
A91E 0,1,2,3
A91F 0,1,2,12
A920 0,1,2,3
A922 0,1,2,12
A922 0,1,2,3
A923 0,1,2,12
A923 0,1,2,3
A925 0,1,2,12
A925 0,1,2,3
A928 0,1,2,3
A929 0,1,2,12
A929 0,1,2,3
A92C 0,1,2,12
A92C 0,1,2,3
A92D 0,1,2,3
A92F 0,1,2,12
A930 0,1,2,3
A932 0,1,2,12
A933 0,1,2,12
A933 0,1,2,3
A935 0,1,2,3
A936 0,1,2,12
A938 0,1,2,3
A939 0,1,2,12
A93A 0,1,2,12
A93B 0,1,2,3
A93C 0,1,2,12
A93C 0,1,2,3
A93E 0,1,2,12
A93F 0,1,2,3
A940 0,1,2,3
A941 0,1,2,12
A942 0,1,2,12
A942 0,1,2,3
A943 0,1,2,3
A946 0,1,2,3
A948 0,1,2,3
A94B 0,1,2,3
A94C 0,1,2,12
A94F 0,1,2,12
A950 0,1,2,3
A951 0,1,2,3
A952 0,1,2,12
A953 0,1,2,12
A954 0,1,2,3
A955 0,1,2,12
A956 0,1,2,12
A957 0,1,2,3
A959 0,1,2,12
A959 0,1,2,3
A95A 0,1,2,12
A95B 0,1,2,12
A95C 0,1,2,3
A95E 0,1,2,12
A960 0,1,2,12
A961 0,1,2,3
A962 0,1,2,3
A963 0,1,2,12
A965 0,1,2,3
A966 0,1,2,12
A966 0,1,2,3
A969 0,1,2,12
A969 0,1,2,3
A96A 0,1,2,3
A96B 0,1,2,3
A96C 0,1,2,12
A96D 0,1,2,12
A96E 0,1,2,3
A975 0,1,2,12
A978 0,1,2,12
A97B 0,1,2,12
A97E 0,1,2,12
A981 0,1,2,12
A982 0,1,2,12
A983 0,1,2,12
A985 0,1,2,12
A988 0,1,2,12
A989 0,1,2,12
A98C 0,1,2,12
A98D 0,1,2,12
A991 0,1,2,12
A991 0,1,2,3
A992 0,1,2,3
A994 0,1,2,12
A995 0,1,2,3
A996 0,1,2,12
A996 0,1,2,3
A997 0,1,2,3
A998 0,1,2,3
A999 0,1,2,12
A999 0,1,2,3
A99A 0,1,2,12
A99D 0,1,2,12
A9A0 0,1,2,12
A9A3 0,1,2,12
A9A4 0,1,2,12
A9A6 0,1,2,12
A9AA 0,1,2,12
A9AA 0,1,2,3
A9AD 0,1,2,3
A9AE 0,1,2,12
A9AF 0,1,2,3
A9B1 0,1,2,12
A9B2 0,1,2,3
A9B3 0,1,2,12
A9B3 0,1,2,3
A9B5 0,1,2,3
A9B6 0,1,2,3
A9B9 0,1,2,3
A9BC 0,1,2,3
A9BD 0,1,2,3
A9C2 0,1,2,3
A9C5 0,1,2,3
A9C6 0,1,2,12
A9C7 0,1,2,3
A9C8 0,1,2,3
A9C9 0,1,2,12
A9CA 0,1,2,12
A9CA 0,1,2,3
A9CD 0,1,2,12
A9CD 0,1,2,3
A9D0 0,1,2,3
A9D1 0,1,2,12
A9D3 0,1,2,12
A9D3 0,1,2,3
A9D4 0,1,2,3
A9D6 0,1,2,12
A9D9 0,1,2,12
A9D9 0,1,2,3
A9DA 0,1,2,3
A9DB 0,1,2,12
A9DC 0,1,2,3
A9DD 0,1,2,3
A9DE 0,1,2,12
A9DE 0,1,2,3
A9DF 0,1,2,3
A9E0 0,1,2,3
A9E2 0,1,2,12
A9E3 0,1,2,12
A9E3 0,1,2,3
A9E5 0,1,2,3
A9E6 0,1,2,12
A9E9 0,1,2,12
A9E9 0,1,2,3
A9EA 0,1,2,12
A9EB 0,1,2,3
A9ED 0,1,2,12
A9ED 0,1,2,3
A9EF 0,1,2,12
A9F0 0,1,2,3
A9F2 0,1,2,12
A9F3 0,1,2,12
A9F3 0,1,2,3
A9F4 0,1,2,12
A9F4 0,1,2,3
A9F5 0,1,2,12
A9F7 0,1,2,12
A9FB 0,1,2,12
A9FD 0,1,2,12
AA01 0,1,2,12
AA02 0,1,2,3
AA04 0,1,2,12
AA05 0,1,2,3
AA06 0,1,2,12
AA07 0,1,2,3
AA08 0,1,2,12
AA0A 0,1,2,12
AA0A 0,1,2,3
AA0C 0,1,2,12
AA0D 0,1,2,3
AA0E 0,1,2,12
AA0E 0,1,2,3
AA10 0,1,2,12
AA11 0,1,2,3
AA12 0,1,2,3
AA13 0,1,2,12
AA14 0,1,2,3
AA16 0,1,2,12
AA17 0,1,2,3
AA18 0,1,2,12
AA19 0,1,2,3
AA1A 0,1,2,12
AA1A 0,1,2,3
AA1C 0,1,2,12
AA1C 0,1,2,3
AA1D 0,1,2,12
AA1F 0,1,2,12
AA1F 0,1,2,3
AA20 0,1,2,3
AA22 0,1,2,12
AA22 0,1,2,3
AA23 0,1,2,12
AA24 0,1,2,12
AA25 0,1,2,3
AA26 0,1,2,12
AA28 0,1,2,12
AA28 0,1,2,3
AA29 0,1,2,12
AA2A 0,1,2,3
AA2B 0,1,2,12
AA2B 0,1,2,3
AA2D 0,1,2,3
AA2E 0,1,2,12
AA30 0,1,2,3
AA31 0,1,2,12
AA32 0,1,2,12
AA33 0,1,2,3
AA35 0,1,2,12
AA35 0,1,2,3
AA36 0,1,2,12
AA36 0,1,2,3
AA37 0,1,2,3
AA38 0,1,2,12
AA39 0,1,2,12
AA39 0,1,2,3
AA3A 0,1,2,12
AA3A 0,1,2,3
AA3B 0,1,2,3
AA3C 0,1,2,3
AA3D 0,1,2,12
AA3D 0,1,2,3
AA3E 0,1,2,3
AA3F 0,1,2,12
AA40 0,1,2,12
AA40 0,1,2,3
AA41 0,1,2,3
AA42 0,1,2,3
AA43 0,1,2,12
AA43 0,1,2,3
AA44 0,1,2,3
AA45 0,1,2,3
AA46 0,1,2,3
AA64 0,1,2,3
AA68 0,1,2,3
AA69 0,1,2,3
AA6B 0,1,2,3
AA6C 0,1,2,3
AA6F 0,1,2,3
AA70 0,1,2,3
AA73 0,1,2,3
AA74 0,1,2,3
AA75 0,1,2,3
AA76 0,1,2,3
AA78 0,1,2,3
AA7B 0,1,2,3
AA7E 0,1,2,3
AA81 0,1,2,3
AA82 0,1,2,3
AA84 0,1,2,3
AA87 0,1,2,3
AA8A 0,1,2,3
AA8C 0,1,2,3
AA96 0,1,2,3
AA99 0,1,2,3
AA9B 0,1,2,3
AA9D 0,1,2,3
AA9F 0,1,2,3
AAA0 0,1,2,3
AAA2 0,1,2,3
AAA5 0,1,2,3
AAA7 0,1,2,3
AAA8 0,1,2,3
AAA9 0,1,2,3
AAAB 0,1,2,3
AAAC 0,1,2,3
AAAD 0,1,2,3
AAAE 0,1,2,3
AAAF 0,1,2,12
AAB0 0,1,2,3
AAB1 0,1,2,3
AAB2 0,1,2,12
AAB3 0,1,2,12
AAB3 0,1,2,3
AAB6 0,1,2,12
AAB7 0,1,2,12
AAB8 0,1,2,3
AAB9 0,1,2,12
AABB 0,1,2,12
AABB 0,1,2,3
AABC 0,1,2,3
AABD 0,1,2,3
AABE 0,1,2,3
AABF 0,1,2,12
AAC0 0,1,2,3
AAC2 0,1,2,12
AAC3 0,1,2,3
AAC5 0,1,2,12
AAC8 0,1,2,12
AACB 0,1,2,12
AACE 0,1,2,12
AAD1 0,1,2,12
AAD2 0,1,2,12
AAD4 0,1,2,12
AAD6 0,1,2,12
AAD7 0,1,2,12
AAD8 0,1,2,12
AAD9 0,1,2,12
AADA 0,1,2,12
AADC 0,1,2,12
AADD 0,1,2,12
AADE 0,1,2,12
AADF 0,1,2,12
AAE1 0,1,2,12
AAE2 0,1,2,12
AAE3 0,1,2,12
AAE4 0,1,2,12
AAE5 0,1,2,12
AAE6 0,1,2,12
AAE7 0,1,2,12
AAE8 0,1,2,12
ACAA 0,1,2,3
ACAD 0,1,2,3
ACAE 0,1,2,3
ACB0 0,1,2,3
ACB3 0,1,2,3
ACB6 0,1,2,3
ACB7 0,1,2,3
ACBA 0,1,2,3
ACBD 0,1,2,3
AD24 0,1,2,3
AD27 0,1,2,3
AD28 0,1,2,3
AD2A 0,1,2,3
AD2B 0,1,2,3
AD2D 0,1,2,3
AD30 0,1,2,3
AD33 0,1,2,3
AD34 0,1,2,3
AD36 0,1,2,3
AD37 0,1,2,3
AD38 0,1,2,3
AD39 0,1,2,3
AD3B 0,1,2,3
AD3C 0,1,2,3
AD3D 0,1,2,3
AD3E 0,1,2,3
AD3F 0,1,2,3
AD41 0,1,2,3
AD43 0,1,2,3
AD44 0,1,2,3
AD45 0,1,2,3
AD47 0,1,2,3
AD48 0,1,2,3
AD4A 0,1,2,3
AD4B 0,1,2,3
AD4C 0,1,2,3
AD4E 0,1,2,3
AD4F 0,1,2,3
AD51 0,1,2,3
AD54 0,1,2,3
AD56 0,1,2,3
AD68 0,1,2,3
AD6B 0,1,2,3
AD6C 0,1,2,3
AD6E 0,1,2,3
AD71 0,1,2,3
AD73 0,1,2,3
AD76 0,1,2,3
AD79 0,1,2,3
AD7C 0,1,2,3
AD7D 0,1,2,3
AD81 0,1,2,3
AD84 0,1,2,3
AD85 0,1,2,3
AD87 0,1,2,3
AD89 0,1,2,3
AD8A 0,1,2,3
AD8C 0,1,2,3
AD8F 0,1,2,3
AD92 0,1,2,3
AD93 0,1,2,3
AD96 0,1,2,3
AD99 0,1,2,3
AD9A 0,1,2,3
AD9B 0,1,2,3
AD9C 0,1,2,3
AD9E 0,1,2,3
ADA1 0,1,2,3
ADA3 0,1,2,3
ADEE 0,1,2,3
ADF1 0,1,2,3
ADF3 0,1,2,3
ADF6 0,1,2,3
ADF8 0,1,2,3
ADFB 0,1,2,3
ADFE 0,1,2,3
AE01 0,1,2,3
AE02 0,1,2,3
AE04 0,1,2,3
AE07 0,1,2,3
AE08 0,1,2,3
AE0A 0,1,2,3
AE0D 0,1,2,3
AE0E 0,1,2,3
AE10 0,1,2,3
AE13 0,1,2,3
AE14 0,1,2,3
AE16 0,1,2,3
AE19 0,1,2,3
AE1C 0,1,2,3
AE1E 0,1,2,3
AE20 0,1,2,3
AE23 0,1,2,3
AE26 0,1,2,3
AE27 0,1,2,3
AE2A 0,1,2,3
AE2B 0,1,2,3
AE2D 0,1,2,3
AE30 0,1,2,3
AE31 0,1,2,3
AE33 0,1,2,3
AE36 0,1,2,3
AE37 0,1,2,3
AE39 0,1,2,3
AE3C 0,1,2,3
AE3D 0,1,2,3
AE3E 0,1,2,3
AE3F 0,1,2,3
AE44 0,1,2,3
AE48 0,1,2,3
AE4D 0,1,2,3
AE50 0,1,2,3
AE51 0,1,2,3
AE53 0,1,2,3
AE56 0,1,2,3
AE57 0,1,2,3
AE58 0,1,2,3
AE59 0,1,2,3
AE5A 0,1,2,3
AE5B 0,1,2,3
AE5E 0,1,2,3
AE61 0,1,2,3
AE64 0,1,2,3
AE65 0,1,2,3
AE66 0,1,2,3
AE67 0,1,2,3
AE68 0,1,2,3
AE69 0,1,2,3
AE6C 0,1,2,3
AE6D 0,1,2,3
AE6E 0,1,2,3
AE6F 0,1,2,3
AE70 0,1,2,3
AE71 0,1,2,3
AE72 0,1,2,3
AE75 0,1,2,3
AE76 0,1,2,3
AE78 0,1,2,3
AE79 0,1,2,3
AE7A 0,1,2,3
AE7C 0,1,2,3
AE7D 0,1,2,3
AE7E 0,1,2,3
AE7F 0,1,2,3
AE88 0,1,2,3
AE89 0,1,2,3
AE8A 0,1,2,3
AE8B 0,1,2,3
AE8E 0,1,2,3
AE8F 0,1,2,3
AE92 0,1,2,3
AE94 0,1,2,3
AE97 0,1,2,3
AE98 0,1,2,3
AE99 0,1,2,3
AE9C 0,1,2,3
AE9D 0,1,2,3
AF4F 0,1,2,3
AF52 0,1,2,3
AF55 0,1,2,3
AF56 0,1,2,3
AF59 0,1,2,3
AF5B 0,1,2,3
AF5E 0,1,2,3
AF63 0,1,2,3
AF65 0,1,2,3
AF68 0,1,2,3
AF6A 0,1,2,3
AF6B 0,1,2,3
AF6E 0,1,2,3
AF6F 0,1,2,3
AF71 0,1,2,3
AF74 0,1,2,3
AF77 0,1,2,3
AF78 0,1,2,3
AF7D 0,1,2,3
AF80 0,1,2,3
AF81 0,1,2,3
AF83 0,1,2,3
AF85 0,1,2,3
AF86 0,1,2,3
AF87 0,1,2,3
AF88 0,1,2,3
AF8B 0,1,2,3
AF8C 0,1,2,3
AF8D 0,1,2,3
AF8E 0,1,2,3
AF90 0,1,2,3
AF91 0,1,2,3
AF94 0,1,2,3
AF95 0,1,2,3
AF98 0,1,2,3
AF99 0,1,2,3
AF9B 0,1,2,3
AF9D 0,1,2,3
AF9F 0,1,2,3
AFA1 0,1,2,3
AFA2 0,1,2,3
AFA3 0,1,2,3
AFA4 0,1,2,3
AFA6 0,1,2,3
AFA8 0,1,2,3
AFB6 0,1,2,3
AFB7 0,1,2,3
AFB8 0,1,2,3
AFB9 0,1,2,3
AFBC 0,1,2,3
AFBD 0,1,2,3
AFBF 0,1,2,3
AFC2 0,1,2,3
AFC3 0,1,2,3
AFC5 0,1,2,3
AFC7 0,1,2,3
AFC9 0,1,2,3
AFCA 0,1,2,3
AFD8 0,1,2,3
AFD9 0,1,2,3
AFDA 0,1,2,3
AFDB 0,1,2,3
AFDC 0,1,2,3
AFDD 0,1,2,3
AFDE 0,1,2,3
AFDF 0,1,2,3
AFE2 0,1,2,3
AFE5 0,1,2,3
AFE7 0,1,2,3
B07F 0,1,2,3
B082 0,1,2,3
B08D 0,1,2,3
B090 0,1,2,3
B092 0,1,2,3
B095 0,1,2,3
B097 0,1,2,3
B09A 0,1,2,3
B09C 0,1,2,3
B09F 0,1,2,3
B0A2 0,1,2,3
B0A6 0,1,2,3
B0A8 0,1,2,3
B0AB 0,1,2,3
B0AC 0,1,2,3
B0AF 0,1,2,3
B0B2 0,1,2,3
B0B3 0,1,2,3
B0B6 0,1,2,3
B0B9 0,1,2,3
B0BB 0,1,2,3
B0BE 0,1,2,3
B0C2 0,1,2,3
B0C4 0,1,2,3
B0C7 0,1,2,3
B0C8 0,1,2,3
B0CA 0,1,2,3
B0CD 0,1,2,3
B0D0 0,1,2,3
B0D1 0,1,2,3
B0D4 0,1,2,3
B0D6 0,1,2,3
B0D9 0,1,2,3
B0DC 0,1,2,3
B0DF 0,1,2,3
B0E2 0,1,2,3
B0E5 0,1,2,3
B0E8 0,1,2,3
B0EA 0,1,2,3
B0EB 0,1,2,3
B0EE 0,1,2,3
B0EF 0,1,2,3
B0F0 0,1,2,3
B0F1 0,1,2,3
B0F4 0,1,2,3
B0F7 0,1,2,3
B0F9 0,1,2,3
B0FA 0,1,2,3
B0FD 0,1,2,3
B0FF 0,1,2,3
B100 0,1,2,3
B103 0,1,2,3
B106 0,1,2,3
B108 0,1,2,3
B109 0,1,2,3
B10C 0,1,2,3
B118 0,1,2,3
B11B 0,1,2,3
B11C 0,1,2,3
B11D 0,1,2,3
B11E 0,1,2,3
B121 0,1,2,3
B124 0,1,2,3
B126 0,1,2,3
B129 0,1,2,3
B12B 0,1,2,3
B12E 0,1,2,3
B130 0,1,2,3
B133 0,1,2,3
B136 0,1,2,3
B139 0,1,2,3
B13B 0,1,2,3
B13E 0,1,2,3
B141 0,1,2,3
B143 0,1,2,3
B146 0,1,2,3
B148 0,1,2,3
B14C 0,1,2,3
B14F 0,1,2,3
B150 0,1,2,3
B153 0,1,2,3
B156 0,1,2,3
B159 0,1,2,3
B15A 0,1,2,3
B15D 0,1,2,3
B15F 0,1,2,3
B162 0,1,2,3
B165 0,1,2,3
B168 0,1,2,3
B16B 0,1,2,3
B16E 0,1,2,3
B171 0,1,2,3
B172 0,1,2,3
B175 0,1,2,3
B178 0,1,2,3
B17A 0,1,2,3
B17B 0,1,2,3
B17E 0,1,2,3
B17F 0,1,2,3
B182 0,1,2,3
B185 0,1,2,3
B187 0,1,2,3
B188 0,1,2,3
B18B 0,1,2,3
B31E 0,1,2,12
B321 0,1,2,12
B324 0,1,2,12
B326 0,1,2,12
B328 0,1,2,12
B32A 0,1,2,12
B32B 0,1,2,12
B32E 0,1,2,12
B331 0,1,2,12
B332 0,1,2,12
B335 0,1,2,12
B337 0,1,2,12
B339 0,1,2,12
B33A 0,1,2,12
B33D 0,1,2,12
B340 0,1,2,12
B343 0,1,2,12
B347 0,1,2,12
B349 0,1,2,12
B34B 0,1,2,12
B34D 0,1,2,12
B351 0,1,2,12
B353 0,1,2,12
B355 0,1,2,12
B358 0,1,2,12
B35B 0,1,2,12
B35E 0,1,2,12
B361 0,1,2,12
B364 0,1,2,12
B371 0,1,2,12
B374 0,1,2,12
B383 0,1,2,12
B386 0,1,2,12
B3B0 0,1,2,12
B3B3 0,1,2,12
B3B6 0,1,2,12
B3BA 0,1,2,12
B3BC 0,1,2,12
B3BE 0,1,2,12
B3BF 0,1,2,12
B3C2 0,1,2,12
B3D5 0,1,2,12
B3D8 0,1,2,12
B3DC 0,1,2,12
B3DF 0,1,2,12
B3E1 0,1,2,12
B3E4 0,1,2,12
B3E5 0,1,2,12
B3E8 0,1,2,12
B3EB 0,1,2,12
B3EC 0,1,2,12
B3F0 0,1,2,12
B3F1 0,1,2,12
B3F4 0,1,2,12
B407 0,1,2,12
B40A 0,1,2,12
B40D 0,1,2,12
B411 0,1,2,12
B413 0,1,2,12
B415 0,1,2,12
B417 0,1,2,12
B418 0,1,2,12
B41B 0,1,2,12
B41D 0,1,2,12
B420 0,1,2,12
B423 0,1,2,12
B461 0,1,2,12
B465 0,1,2,12
B468 0,1,2,12
B46A 0,1,2,12
B46D 0,1,2,12
B599 0,1,2,3
B59A 0,1,2,3
B59D 0,1,2,3
B5A0 0,1,2,3
B5A3 0,1,2,3
B5A4 0,1,2,3
B5A5 0,1,2,3
B5A6 0,1,2,3
B5A8 0,1,2,3
B5AA 0,1,2,3
B5AD 0,1,2,3
B5AE 0,1,2,3
B5AF 0,1,2,3
B5B2 0,1,2,3
B5B3 0,1,2,3
B5B5 0,1,2,3
B5B6 0,1,2,3
B5B7 0,1,2,3
B5B9 0,1,2,3
B5E3 0,1,2,3
B5E6 0,1,2,3
B5E9 0,1,2,3
B5EB 0,1,2,3
B5EE 0,1,2,3
B5F5 0,1,2,3
B5F8 0,1,2,3
B5FB 0,1,2,3
B5FC 0,1,2,12
B5FD 0,1,2,3
B600 0,1,2,12
B600 0,1,2,3
B602 0,1,2,12
B604 0,1,2,12
B606 0,1,2,12
B609 0,1,2,12
B60C 0,1,2,3
B60D 0,1,2,12
B60D 0,1,2,3
B60E 0,1,2,3
B60F 0,1,2,3
B611 0,1,2,12
B612 0,1,2,3
B613 0,1,2,3
B614 0,1,2,3
B615 0,1,2,12
B615 0,1,2,3
B616 0,1,2,3
B617 0,1,2,3
B619 0,1,2,12
B619 0,1,2,3
B61A 0,1,2,3
B61B 0,1,2,3
B61D 0,1,2,12
B61F 0,1,2,3
B620 0,1,2,12
B620 0,1,2,3
B623 0,1,2,12
B624 0,1,2,12
B627 0,1,2,12
B62A 0,1,2,12
B62D 0,1,2,12
B62E 0,1,2,12
B631 0,1,2,12
B632 0,1,2,12
B634 0,1,2,12
B637 0,1,2,12
B638 0,1,2,12
B63C 0,1,2,12
B63F 0,1,2,12
B641 0,1,2,12
B644 0,1,2,12
B648 0,1,2,12
B64A 0,1,2,12
B64D 0,1,2,12
B64F 0,1,2,12
B652 0,1,2,12
B654 0,1,2,12
B657 0,1,2,12
B65A 0,1,2,12
B65B 0,1,2,12
B65F 0,1,2,12
B662 0,1,2,12
B665 0,1,2,12
B669 0,1,2,12
B66C 0,1,2,12
B670 0,1,2,12
B671 0,1,2,12
B675 0,1,2,12
B676 0,1,2,12
B679 0,1,2,12
B67A 0,1,2,12
B67E 0,1,2,12
B681 0,1,2,12
B684 0,1,2,12
B686 0,1,2,12
B688 0,1,2,12
B68A 0,1,2,12
B694 0,1,2,12
B696 0,1,2,12
B698 0,1,2,12
B69A 0,1,2,12
B69C 0,1,2,12
B69D 0,1,2,12
B69F 0,1,2,12
B6A0 0,1,2,12
B6A3 0,1,2,12
B6A4 0,1,2,12
B6A5 0,1,2,12
B6A6 0,1,2,12
B6A8 0,1,2,12
B6A9 0,1,2,12
B6AA 0,1,2,12
B6AD 0,1,2,12
B6B1 0,1,2,12
B6B3 0,1,2,12
B6B5 0,1,2,12
B6B6 0,1,2,12
B6B8 0,1,2,12
B6BB 0,1,2,12
B6BC 0,1,2,12
B6BD 0,1,2,12
B6C0 0,1,2,12
B6C3 0,1,2,12
B6C6 0,1,2,12
B6C9 0,1,2,12
B6CA 0,1,2,12
B6CB 0,1,2,12
B6CC 0,1,2,12
B6CD 0,1,2,12
B6CE 0,1,2,12
B6D1 0,1,2,12
B6D4 0,1,2,12
B6D5 0,1,2,12
B6D8 0,1,2,12
B6DA 0,1,2,12
B6DD 0,1,2,12
B6E0 0,1,2,12
B6E2 0,1,2,12
B7E2 0,1,2,12
B7E5 0,1,2,12
B7E6 0,1,2,12
B7E7 0,1,2,12
B7EB 0,1,2,12
B7EE 0,1,2,12
B7EF 0,1,2,12
B7F1 0,1,2,12
B7F3 0,1,2,12
B8D7 0,1,10,11
B8D7 0,1,2,11
B8DA 0,1,10,11
B8DA 0,1,2,11
B8DD 0,1,10,11
B8DD 0,1,2,11
B8E0 0,1,10,11
B8E0 0,1,2,11
B8E3 0,1,10,11
B8E3 0,1,2,11
B8E6 0,1,10,11
B8E6 0,1,2,11
B8E9 0,1,10,11
B8E9 0,1,2,11
B8EC 0,1,10,11
B8EC 0,1,2,11
B8EF 0,1,10,11
B8EF 0,1,2,11
B8F1 0,1,10,11
B8F1 0,1,2,11
B8F4 0,1,10,11
B8F4 0,1,2,11
B8F7 0,1,10,11
B8F7 0,1,2,11
B911 0,1,2,11
B914 0,1,2,11
B917 0,1,2,11
B91A 0,1,2,11
B91D 0,1,2,11
B920 0,1,2,11
B923 0,1,2,11
B926 0,1,2,11
B929 0,1,2,11
B92B 0,1,2,11
B92E 0,1,2,11
B931 0,1,2,11
B934 0,1,2,11
B937 0,1,2,11
B93A 0,1,2,11
B93D 0,1,2,11
B940 0,1,2,11
B943 0,1,2,11
B946 0,1,2,11
B949 0,1,2,11
B94C 0,1,2,11
B94E 0,1,2,11
B951 0,1,2,11
B954 0,1,2,11
B957 0,1,10,11
B957 0,1,2,11
B95A 0,1,10,11
B95A 0,1,2,11
B95D 0,1,10,11
B95D 0,1,2,11
B95F 0,1,10,11
B95F 0,1,2,11
B962 0,1,10,11
B962 0,1,2,11
B965 0,1,10,11
B965 0,1,2,11
B968 0,1,10,11
B968 0,1,2,11
B96A 0,1,10,11
B96A 0,1,2,11
B96D 0,1,10,11
B96D 0,1,2,11
B970 0,1,10,11
B970 0,1,2,11
B973 0,1,10,11
B973 0,1,2,11
B975 0,1,10,11
B975 0,1,2,11
B978 0,1,10,11
B978 0,1,2,11
B97B 0,1,10,11
B97B 0,1,2,11
B97E 0,1,10,11
B97E 0,1,2,11
B981 0,1,10,11
B981 0,1,2,11
B984 0,1,10,11
B984 0,1,2,11
B987 0,1,10,11
B987 0,1,2,11
B98A 0,1,10,11
B98A 0,1,2,11
B98D 0,1,10,11
B98D 0,1,2,11
B990 0,1,10,11
B990 0,1,2,11
B993 0,1,10,11
B993 0,1,2,11
B994 0,1,10,11
B994 0,1,2,11
B997 0,1,10,11
B997 0,1,2,11
B998 0,1,10,11
B998 0,1,2,11
B999 0,1,10,11
B999 0,1,2,11
B99A 0,1,10,11
B99A 0,1,2,11
B99B 0,1,10,11
B99B 0,1,2,11
B99C 0,1,10,11
B99C 0,1,2,11
B99D 0,1,10,11
B99D 0,1,2,11
B99E 0,1,10,11
B99E 0,1,2,11
B99F 0,1,10,11
B99F 0,1,2,11
B9A1 0,1,10,11
B9A1 0,1,2,11
B9A2 0,1,10,11
B9A2 0,1,2,11
B9A3 0,1,10,11
B9A3 0,1,2,11
B9A4 0,1,10,11
B9A4 0,1,2,11
B9A7 0,1,10,11
B9A7 0,1,2,11
B9A8 0,1,10,11
B9A8 0,1,2,11
B9A9 0,1,10,11
B9A9 0,1,2,11
B9AA 0,1,10,11
B9AA 0,1,2,11
B9AC 0,1,10,11
B9AC 0,1,2,11
B9AD 0,1,10,11
B9AD 0,1,2,11
B9AE 0,1,10,11
B9AE 0,1,2,11
B9B0 0,1,10,11
B9B0 0,1,2,11
B9B2 0,1,10,11
B9B2 0,1,2,11
B9BF 0,1,10,11
B9C2 0,1,10,11
B9C5 0,1,10,11
B9C7 0,1,10,11
B9CA 0,1,10,11
B9CD 0,1,10,11
B9D0 0,1,10,11
B9D3 0,1,10,11
B9D6 0,1,10,11
B9D8 0,1,10,11
B9DB 0,1,10,11
B9DE 0,1,10,11
BB39 0,1,2,11
BB3C 0,1,2,11
BB3E 0,1,2,11
BB4B 0,1,2,11
BB4E 0,1,2,11
BB50 0,1,2,11
BBBA 0,1,2,3
BBBD 0,1,2,3
BBC1 0,1,2,3
BBC5 0,1,2,3
BBC8 0,1,2,3
BBCC 0,1,2,3
BBD0 0,1,2,3
BBD3 0,1,2,3
BBD6 0,1,2,3
BBDA 0,1,2,3
BBDD 0,1,2,3
BBE0 0,1,2,3
BBE1 0,1,2,3
BBE2 0,1,2,11
BBE2 0,1,2,3
BBE5 0,1,2,11
BBE5 0,1,2,3
BBE6 0,1,2,3
BBE7 0,1,2,11
BBE9 0,1,2,3
BBEB 0,1,2,3
BBEC 0,1,2,3
BBF0 0,1,2,3
BBF3 0,1,2,3
BBF4 0,1,2,3
BBF8 0,1,2,3
BBFC 0,1,2,3
BBFF 0,1,2,3
BC00 0,1,2,3
BC03 0,1,2,3
BC0E 0,1,2,3
BC11 0,1,2,3
BC14 0,1,2,3
BC16 0,1,2,3
BC2C 0,1,2,3
BC2F 0,1,2,3
BC30 0,1,2,3
BC32 0,1,2,3
BC35 0,1,2,3
BC36 0,1,2,3
BC3A 0,1,2,3
BC3E 0,1,2,3
BC41 0,1,2,3
BC42 0,1,2,3
BC45 0,1,2,3
BC46 0,1,2,3
BC49 0,1,2,3
BC4C 0,1,2,3
BC4D 0,1,2,3
BC50 0,1,2,3
BC53 0,1,2,3
BC54 0,1,2,3
BC57 0,1,2,3
BC58 0,1,2,3
BC59 0,1,2,3
BC5A 0,1,2,3
BC5B 0,1,2,3
BC5E 0,1,2,3
BC61 0,1,2,11
BC61 0,1,2,3
BC64 0,1,2,11
BC64 0,1,2,3
BC65 0,1,2,3
BC66 0,1,2,11
BC66 0,1,2,3
BC67 0,1,2,3
BC69 0,1,2,3
BC6B 0,1,2,3
BC6E 0,1,2,3
BC6F 0,1,2,3
BC73 0,1,2,3
BC76 0,1,2,3
BC78 0,1,2,3
BC79 0,1,2,3
BC7B 0,1,2,3
BC7D 0,1,2,3
BC7F 0,1,2,3
BC80 0,1,2,3
BC81 0,1,2,3
BC82 0,1,2,3
BC83 0,1,2,3
BC84 0,1,2,3
BC88 0,1,2,3
BC91 0,1,2,3
BC92 0,1,2,3
BC95 0,1,2,3
BC96 0,1,2,3
BC99 0,1,2,3
BC9C 0,1,2,3
BC9D 0,1,2,3
BC9F 0,1,2,3
BCA2 0,1,2,3
BCA5 0,1,2,3
BCA7 0,1,2,3
BCAA 0,1,2,3
BCAE 0,1,2,3
BCEE 0,1,2,11
BCF1 0,1,2,11
BCF3 0,1,2,11
BD55 0,1,2,12
BD58 0,1,2,12
BD5A 0,1,2,12
BD67 0,1,2,12
BD6A 0,1,2,12
BD6C 0,1,2,12
BDC9 0,1,2,11
BDCC 0,1,2,11
BDCD 0,1,2,11
BDD0 0,1,2,11
BDD3 0,1,2,11
BDD6 0,1,2,11
BDD7 0,1,2,11
BDD9 0,1,2,11
BDDA 0,1,2,11
BDDB 0,1,2,11
BDDE 0,1,2,11
BDDF 0,1,2,11
BDE2 0,1,2,11
BDE6 0,1,2,11
BDE7 0,1,2,11
BDEA 0,1,2,11
BDEB 0,1,2,11
BDEE 0,1,2,11
BDF1 0,1,2,11
BDF4 0,1,2,11
BDF6 0,1,2,11
BDF7 0,1,2,11
BDFA 0,1,2,11
BDFC 0,1,2,11
BDFC 0,1,2,12
BDFF 0,1,2,11
BDFF 0,1,2,12
BE00 0,1,2,11
BE01 0,1,2,12
BE02 0,1,2,11
BE03 0,1,2,11
BE06 0,1,2,11
BE09 0,1,2,11
BE0C 0,1,2,11
BE0D 0,1,2,11
BE10 0,1,2,11
BE11 0,1,2,11
BE14 0,1,2,11
BE16 0,1,2,11
BE19 0,1,2,11
BE1B 0,1,2,11
BE1C 0,1,2,11
BE1E 0,1,2,11
BE21 0,1,2,11
BE22 0,1,2,11
BE23 0,1,2,11
BE24 0,1,2,11
BE25 0,1,2,11
BE28 0,1,2,11
BE29 0,1,2,11
BE2A 0,1,2,11
BE2D 0,1,2,11
BE2F 0,1,2,11
BE30 0,1,2,11
BE32 0,1,2,11
BE35 0,1,2,11
BE36 0,1,2,11
BE39 0,1,2,11
BE3B 0,1,2,11
BE3D 0,1,2,11
BE3E 0,1,2,11
BE3F 0,1,2,11
BE42 0,1,2,11
BE43 0,1,2,11
BE45 0,1,2,11
BE47 0,1,2,11
BE4A 0,1,2,11
BE4B 0,1,2,11
BE4D 0,1,2,11
BE4E 0,1,2,11
BE52 0,1,2,11
BE56 0,1,2,11
BE59 0,1,2,11
BE5A 0,1,2,11
BE5C 0,1,2,11
BE5E 0,1,2,11
BE60 0,1,2,11
BE62 0,1,2,11
BE66 0,1,2,11
BE6A 0,1,2,11
BE6D 0,1,2,11
BE6E 0,1,2,11
BE70 0,1,2,11
BE72 0,1,2,11
BE74 0,1,2,11
BE78 0,1,2,11
BE7B 0,1,2,11
BE7D 0,1,2,11
BE80 0,1,2,11
BE82 0,1,2,11
BE84 0,1,2,11
BE87 0,1,2,11
BE8B 0,1,2,11
BE8D 0,1,2,11
BE90 0,1,2,11
BE91 0,1,2,11
BE93 0,1,2,11
BE95 0,1,2,11
BE98 0,1,2,11
BE9A 0,1,2,11
BEA6 0,1,2,11
BEA9 0,1,2,11
BEAA 0,1,2,11
BEAC 0,1,2,11
BEAE 0,1,2,11
BEB1 0,1,2,11
BEDC 0,1,2,11
BEDF 0,1,2,11
BEE0 0,1,2,11
BF4E 0,1,2,3
BF50 0,1,2,3
BF53 0,1,2,3
BF56 0,1,2,3
BF57 0,1,2,3
BF5A 0,1,2,3
BF5D 0,1,2,3
BF60 0,1,2,3
BF63 0,1,2,3
BF66 0,1,2,3
BF69 0,1,2,3
BF6A 0,1,2,3
BF6B 0,1,2,3
BF6C 0,1,2,3
BF6F 0,1,2,3
BF72 0,1,2,3
BF75 0,1,2,3
BF78 0,1,2,3
BF79 0,1,2,3
BF7C 0,1,2,3
BF7F 0,1,2,3
BF82 0,1,2,3
BF85 0,1,2,3
BF86 0,1,2,3
BF89 0,1,2,3
BF8C 0,1,2,3
BF8F 0,1,2,3
BF92 0,1,2,3
BF95 0,1,2,3
BF98 0,1,2,11
BF98 0,1,2,3
BF99 0,1,2,3
BF9B 0,1,2,11
BF9B 0,1,2,3
BF9C 0,1,2,11
BF9E 0,1,2,11
BF9E 0,1,2,3
BF9F 0,1,2,3
BFA1 0,1,2,11
BFA1 0,1,2,3
BFA4 0,1,2,11
BFA4 0,1,2,3
BFA7 0,1,2,11
BFA7 0,1,2,3
BFA8 0,1,2,11
BFAA 0,1,2,3
BFAB 0,1,2,11
BFAC 0,1,2,3
BFAE 0,1,2,11
BFAF 0,1,2,3
BFB1 0,1,2,11
BFB2 0,1,2,3
BFB3 0,1,2,11
BFB4 0,1,2,3
BFB5 0,1,2,11
BFB7 0,1,2,3
BFB8 0,1,2,11
BFBA 0,1,2,3
BFBB 0,1,2,11
BFBB 0,1,2,3
BFBD 0,1,2,11
BFBD 0,1,2,3
BFBE 0,1,2,11
BFC0 0,1,2,3
BFC1 0,1,2,11
BFC1 0,1,2,3
BFC3 0,1,2,3
BFC4 0,1,2,11
BFC5 0,1,2,11
BFC6 0,1,2,3
BFC7 0,1,2,11
BFC9 0,1,2,3
BFCA 0,1,2,11
BFCC 0,1,2,3
BFCD 0,1,2,11
BFCE 0,1,2,3
BFD0 0,1,2,11
BFD1 0,1,2,3
BFD3 0,1,2,11
BFD4 0,1,2,3
BFD6 0,1,2,3
BFD9 0,1,2,3
BFDA 0,1,2,3
BFDD 0,1,2,3
BFDE 0,1,2,3
BFDF 0,1,2,3
BFE1 0,1,2,3
BFE2 0,1,2,3
BFE4 0,1,2,3
BFE5 0,1,2,3
BFE6 0,1,2,3
BFE7 0,1,2,3
BFE8 0,1,2,3
BFE9 0,1,2,3
BFEA 0,1,2,3
BFEB 0,1,2,3
BFEC 0,1,2,3
BFEF 0,1,14,3
BFF0 0,1,14,3
BFF2 0,1,14,3
BFF3 0,1,14,3
BFF4 0,1,14,3
BFF5 0,1,14,3
BFF6 0,1,14,3
BFF7 0,1,14,3
BFF8 0,1,14,3
BFF9 0,1,14,3
BFFA 0,1,14,3
BFFB 0,1,14,3
BFFC 0,1,14,3
